# id;science_case;date;flare_time;flare_lat;flare_lon;flare_class;flare_comments;radio_type2;decametric_type2_start;decametric_type2_stop;decametric_type2_freq_range;radio_type2_start;radio_type2_stop;radio_type2_freq_range;radio_imaging_available;radio_comments;cme_id;solar_mach_link;BepiC_sc_lat;BepiC_sc_lon;BepiC_dist;BepiC_ip_shock_id;BepiC_p25MeV_onset_date;BepiC_p25MeV_onset_time;BepiC_p25MeV_onset_averaging;BepiC_p25MeV_onset_sector;BepiC_p25MeV_peak_date;BepiC_p25MeV_peak_time;BepiC_p25MeV_peak_flux;BepiC_p25MeV_peak_averaging;BepiC_p25MeV_peak_sector;BepiC_p25MeV_injection_date;BepiC_p25MeV_injection_time;BepiC_p25MeV_pathlength;BepiC_p25MeV_sw_speed;BepiC_p25MeV_comments;BepiC_e100keV_onset_date;BepiC_e100keV_onset_time;BepiC_e100keV_onset_averaging;BepiC_e100keV_onset_sector;BepiC_e100keV_peak_date;BepiC_e100keV_peak_time;BepiC_e100keV_peak_flux;BepiC_e100keV_peak_averaging;BepiC_e100keV_peak_sector;BepiC_e100keV_injection_date;BepiC_e100keV_injection_time;BepiC_e100keV_pathlength;BepiC_e100keV_sw_speed;BepiC_e100keV_comments;BepiC_e1MeV_onset_date;BepiC_e1MeV_onset_time;BepiC_e1MeV_onset_averaging;BepiC_e1MeV_onset_sector;BepiC_e1MeV_peak_date;BepiC_e1MeV_peak_time;BepiC_e1MeV_peak_flux;BepiC_e1MeV_peak_averaging;BepiC_e1MeV_peak_sector;BepiC_e1MeV_injection_date;BepiC_e1MeV_injection_time;BepiC_e1MeV_pathlength;BepiC_e1MeV_sw_speed;BepiC_e1MeV_comments;BepiC_ep_ratio;L1_sc_lat;L1_sc_lon;L1_dist;L1_ip_shock_id;L1_p25MeV_onset_date;L1_p25MeV_onset_time;L1_p25MeV_onset_averaging;L1_p25MeV_onset_sector;L1_p25MeV_peak_date;L1_p25MeV_peak_time;L1_p25MeV_peak_flux;L1_p25MeV_peak_averaging;L1_p25MeV_peak_sector;L1_p25MeV_injection_date;L1_p25MeV_injection_time;L1_p25MeV_pathlength;L1_p25MeV_sw_speed;L1_p25MeV_comments;L1_e100keV_onset_date;L1_e100keV_onset_time;L1_e100keV_onset_averaging;L1_e100keV_onset_sector;L1_e100keV_peak_date;L1_e100keV_peak_time;L1_e100keV_peak_flux;L1_e100keV_peak_averaging;L1_e100keV_peak_sector;L1_e100keV_injection_date;L1_e100keV_injection_time;L1_e100keV_pathlength;L1_e100keV_sw_speed;L1_e100keV_comments;L1_e1MeV_onset_date;L1_e1MeV_onset_time;L1_e1MeV_onset_averaging;L1_e1MeV_onset_sector;L1_e1MeV_peak_date;L1_e1MeV_peak_time;L1_e1MeV_peak_flux;L1_e1MeV_peak_averaging;L1_e1MeV_peak_sector;L1_e1MeV_injection_date;L1_e1MeV_injection_time;L1_e1MeV_pathlength;L1_e1MeV_sw_speed;L1_e1MeV_comments;L1_ep_ratio;PSP_sc_lat;PSP_sc_lon;PSP_dist;PSP_ip_shock_id;PSP_p25MeV_onset_date;PSP_p25MeV_onset_time;PSP_p25MeV_onset_averaging;PSP_p25MeV_onset_sector;PSP_p25MeV_peak_date;PSP_p25MeV_peak_time;PSP_p25MeV_peak_flux;PSP_p25MeV_peak_averaging;PSP_p25MeV_peak_sector;PSP_p25MeV_injection_date;PSP_p25MeV_injection_time;PSP_p25MeV_pathlength;PSP_p25MeV_sw_speed;PSP_p25MeV_comments;PSP_e100keV_onset_date;PSP_e100keV_onset_time;PSP_e100keV_onset_averaging;PSP_e100keV_onset_sector;PSP_e100keV_peak_date;PSP_e100keV_peak_time;PSP_e100keV_peak_flux;PSP_e100keV_peak_averaging;PSP_e100keV_peak_sector;PSP_e100keV_injection_date;PSP_e100keV_injection_time;PSP_e100keV_pathlength;PSP_e100keV_sw_speed;PSP_e100keV_comments;PSP_e1MeV_onset_date;PSP_e1MeV_onset_time;PSP_e1MeV_onset_averaging;PSP_e1MeV_onset_sector;PSP_e1MeV_peak_date;PSP_e1MeV_peak_time;PSP_e1MeV_peak_flux;PSP_e1MeV_peak_averaging;PSP_e1MeV_peak_sector;PSP_e1MeV_injection_date;PSP_e1MeV_injection_time;PSP_e1MeV_pathlength;PSP_e1MeV_sw_speed;PSP_e1MeV_comments;PSP_ep_ratio;STA_sc_lat;STA_sc_lon;STA_dist;STA_ip_shock_id;STA_p25MeV_onset_date;STA_p25MeV_onset_time;STA_p25MeV_onset_averaging;STA_p25MeV_onset_sector;STA_p25MeV_peak_date;STA_p25MeV_peak_time;STA_p25MeV_peak_flux;STA_p25MeV_peak_averaging;STA_p25MeV_peak_sector;STA_p25MeV_injection_date;STA_p25MeV_injection_time;STA_p25MeV_pathlength;STA_p25MeV_sw_speed;STA_p25MeV_comments;STA_e100keV_onset_date;STA_e100keV_onset_time;STA_e100keV_onset_averaging;STA_e100keV_onset_sector;STA_e100keV_peak_date;STA_e100keV_peak_time;STA_e100keV_peak_flux;STA_e100keV_peak_averaging;STA_e100keV_peak_sector;STA_e100keV_injection_date;STA_e100keV_injection_time;STA_e100keV_pathlength;STA_e100keV_sw_speed;STA_e100keV_comments;STA_e1MeV_onset_date;STA_e1MeV_onset_time;STA_e1MeV_onset_averaging;STA_e1MeV_onset_sector;STA_e1MeV_peak_date;STA_e1MeV_peak_time;STA_e1MeV_peak_flux;STA_e1MeV_peak_averaging;STA_e1MeV_peak_sector;STA_e1MeV_injection_date;STA_e1MeV_injection_time;STA_e1MeV_pathlength;STA_e1MeV_sw_speed;STA_e1MeV_comments;STA_ep_ratio;SolO_sc_lat;SolO_sc_lon;SolO_dist;SolO_ip_shock_id;SolO_p25MeV_onset_date;SolO_p25MeV_onset_time;SolO_p25MeV_onset_averaging;SolO_p25MeV_onset_sector;SolO_p25MeV_peak_date;SolO_p25MeV_peak_time;SolO_p25MeV_peak_flux;SolO_p25MeV_peak_averaging;SolO_p25MeV_peak_sector;SolO_p25MeV_injection_date;SolO_p25MeV_injection_time;SolO_p25MeV_pathlength;SolO_p25MeV_sw_speed;SolO_p25MeV_comments;SolO_e100keV_onset_date;SolO_e100keV_onset_time;SolO_e100keV_onset_averaging;SolO_e100keV_onset_sector;SolO_e100keV_peak_date;SolO_e100keV_peak_time;SolO_e100keV_peak_flux;SolO_e100keV_peak_averaging;SolO_e100keV_peak_sector;SolO_e100keV_injection_date;SolO_e100keV_injection_time;SolO_e100keV_pathlength;SolO_e100keV_sw_speed;SolO_e100keV_comments;SolO_e1MeV_onset_date;SolO_e1MeV_onset_time;SolO_e1MeV_onset_averaging;SolO_e1MeV_onset_sector;SolO_e1MeV_peak_date;SolO_e1MeV_peak_time;SolO_e1MeV_peak_flux;SolO_e1MeV_peak_averaging;SolO_e1MeV_peak_sector;SolO_e1MeV_injection_date;SolO_e1MeV_injection_time;SolO_e1MeV_pathlength;SolO_e1MeV_sw_speed;SolO_e1MeV_comments;SolO_ep_ratio
SEP-C25-0001;Widespread event;2020-11-29;12:34:00;-23;259;M4.4;Partly occulted flare at the east limb. Later flare observed at 13:01;PSP, STEREO-A, Wind, GB;13:00;13:40;20-3.5;12:57;13:22;25-180;NRH;RSTN;CME-0001a;https://solar-mach.streamlit.app/?embedded=true&date=20201129&time=1130&coord_sys=0&plot_spirals=1&plot_sun_body_line=1&plot_trans=0&plot_markers=Numbers&long_offset=270&reference_long=259&reference_lat=-23&reference_vsw=400&plot_reference=1&bodies=STEREO+A&bodies=L1&bodies=BepiColombo&bodies=Parker+Solar+Probe&bodies=Solar+Orbiter&speeds=400&speeds=400&speeds=400&speeds=400&speeds=400&;;;;;;;;;;;;;;;;;;;;;;;;;;;;;;;;;;;;;;;;;;;;;;;;1;348;0.98;WIND-2020120210;2020-11-29;<=20:47:30;5;;2020-11-30;20:45:00;3.63e-02;10;;2020-11-29;20:09:00;1.16;359;;2020-11-29;<=16:30:00;60;0;2020-11-30;23:30:00;4.56e+03;60;7;2020-11-29;16:13:00;1.16;365;Gradual increase;2020-11-29;<=16:30:00;60;;2020-11-30;23:30:00;1.77e+00;60;;2020-11-29;16:20:00;1.14;380;Gradual event;2.02e+02;4;252;0.81;;2020-11-29;13:30:00;60;A;2020-11-30;03:30:00;4.64e+00;60;A;2020-11-29;13:01:00;0.89;;Only 1h resolution available. PSP not in nominal orientation;2020-11-29;13:47:30;5;3 (sun);2020-11-29;>=20:35:00;>=1.99e+04;10;7 (asun);2020-11-29;13:34:00;0.89;;Intensity keeps rising after this local peak. PSP not in nominal orientation;2020-11-29;13:30:00;60;A;2020-11-29;20:30:00;2.60e+02;60;B;2020-11-29;13:22:00;0.89;;Only 1h resolution available. Onset determined by eye. PSP not in nominal orientation;5.60e+01;7;291;0.96;STEREO-2020120107,STEREO-2020120318;2020-11-29;15:30:00;4;;2020-11-29;23:25:00;1.81e-01;10;;2020-11-29;14:53:00;1.13;363;;2020-11-29;<=13:37:30;3;north;2020-11-29;22:35:00;6.11e+03;10;sun;2020-11-29;13:21:00;1.12;370;;2020-11-29;<=13:54:00;4;;2020-11-29;20:25:00;2.86e+00;10;;2020-11-29;13:44:00;1.12;371;;2.72e+01;-5;111;0.88;;2020-11-29;14:03:30;5;sun;2020-11-29;18:25:00;1.41e-01;10;sun;2020-11-29;13:31:00;0.99;;;2020-11-29;13:27:00;2;sun;2020-11-29;15:55:00;3.03e+03;10;sun;2020-11-29;13:12:00;0.99;;;2020-11-29;13:35:00;2;sun;2020-11-29;15:55:00;8.03e+00;10;sun;2020-11-29;13:26:00;0.99;;;1.70e+02
SEP-C25-0002;3 spacecraft event;2020-12-07;15:46:00;-25;249;C7.4;;PSP, STEREO-A, Wind;16:08;17:25;20-2;;;;No;Wind spectra partly unavailable;CME-0002a;https://solar-mach.streamlit.app/?embedded=true&date=20201207&time=1600&carr_long=249&carr_lat=-25&reference_sys=0&reference_vsw=400&plot_reference=1&bodies=STEREO+A&bodies=L1&bodies=BepiColombo&bodies=Parker+Solar+Probe&bodies=Solar+Orbiter&speeds=400&speeds=400&speeds=400&speeds=400&speeds=400&;;;;;;;;;;;;;;;;;;;;;;;;;;;;;;;;;;;;;;;;;;;;;;;;0;241;0.98;WIND-2020121001;2020-12-07;<=17:55:00;10;;2020-12-07;23:05:00;6.20e-03;10;;2020-12-07;17:17:00;1.15;364;;2020-12-07;~17:30:00;10;;2020-12-07;19:35:00;2.76e+02;10;0;2020-12-07;17:13:00;1.16;359;Onset during decay of previous event.  Onset determined by eye. Possibly other events on top;2020-12-07;~16:47:00;10;;2020-12-07;20:25:00;3.99e-02;10;;2020-12-07;16:37:00;1.15;365;Event happens during decay phase of previous event. Onset determined by eye;;4;141;0.78;;2020-12-07;16:30:30;60;A;2020-12-07;>=20:30:00;>=5.15e-02;60;A;2020-12-07;16:01:00;0.90;312;Only 1h resolution available. Data gap during event, possibly masking peak;2020-12-07;17:15:00;10;3 (sun);2020-12-07;18:55:00;9.43e+02;10;7 (asun);2020-12-07;17:02:00;0.89;317;;2020-12-07;15:30:00;60;A;2020-12-07;17:30:00;8.47e-01;60;A;2020-12-07;15:22:00;0.88;340;Only 1h resolution available. Data gap during onset;1.64e+01;6;183;0.96;;2020-12-07;>=17:10:30;1;;2020-12-07;19:15:00;7.11e-02;10;;2020-12-07;16:35:00;1.10;404;;2020-12-07;16:31:00;2;sun;2020-12-07;17:45:00;1.33e+03;10;south;2020-12-07;16:14:00;1.10;400;;2020-12-07;16:44:30;7;;2020-12-07;18:25:00;6.95e-02;10;;2020-12-07;16:35:00;1.10;401;Small event;2.10e+00;-5;3;0.84;;;;;;;;2.00e-04;;sun;;;;;No event;;;;;;;4.16e+01;;sun;;;;;No event;;;;;;;6.24e-02;;sun;;;;;No event;
SEP-C25-0003;Widespread event;2021-04-17;16:04:20;-17;203;C5.0;Flare is behind the limb as seen from Earth, flare location determined using SOLO/STIX;SOLO, PSP, STEREO-A, Wind, GB;16:20;17:10;20-6;16:26;16:35;25-49;No;RSTN;CME-0003a;https://solar-mach.streamlit.app/?embedded=true&date=20210417&time=1630&coord_sys=0&plot_spirals=1&plot_sun_body_line=1&plot_trans=0&plot_nr=0&long_offset=270&reference_long=203&reference_lat=-17&reference_vsw=400&plot_reference=1&bodies=STEREO+A&bodies=BepiColombo&bodies=Parker+Solar+Probe&bodies=Solar+Orbiter&bodies=L1&speeds=400&speeds=400&speeds=400&speeds=400&speeds=400&;0;180;0.63;;2021-04-17;16:58:30;1;1;2021-04-17;19:15:00;4.74e-01;10;2;2021-04-17;16:38:00;0.67;;;2021-04-17;16:30:30;1;2;2021-04-17;18:45:00;1.61e+04;10;1;2021-04-17;16:21:00;0.67;;;2021-04-17;<=16:50:00;4;2;2021-04-17;18:35:00;7.76e+00;10;2;2021-04-17;16:44:00;0.67;;;6.79e+01;-5;314;0.99;;;;;;2021-04-18;19:30:00;2.06e-04;60;;;;;;Too small event to determine onset. Only very small and gradual increase;;;;;;;;;;;;;;No event, period of increased background and potential ion contamination;;;;;;;9.03e-03;10;;;;;;No event;;4;104;0.42;;2021-04-17;16:58:30;3;A;2021-04-17;17:35:00;7.89e-02;10;A;2021-04-17;16:44:00;0.43;333;;2021-04-17;16:39:00;2;3 (sun);2021-04-17;17:15:00;3.10e+03;10;7 (asun);2021-04-17;16:33:00;0.43;341;;2021-04-17;16:10:00;20;A;2021-04-17;17:30:00;1.09e+01;20;B;2021-04-17;16:06:00;0.43;328;;1.38e+02;-7;261;0.97;;2021-04-17;~16:00:00;60;;2021-04-18;13:30:00;4.71e-04;60;;2021-04-17;15:24:00;1.12;383;Event too small to determine onset;2021-04-17;<=18:30:00;60;south;2021-04-17;22:30:30;1.01e+02;60;south;2021-04-17;18:13:00;1.13;381;;;;;;2021-04-18;01:30:00;2.44e-02;180;;;;;;Event too small to determine onset;;0;216;0.84;;2021-04-17;<=17:35:00;20;sun;2021-04-17;19:10:00;3.29e-03;20;sun;2021-04-17;17:04:00;0.96;371;Gradual and small event;2021-04-17;17:13:30;3;sun;2021-04-18;01:25:00;3.46e+02;10;south;2021-04-17;16:59:00;0.96;369;;2021-04-17;<=17:30:00;20;sun;2021-04-17;22:50:00;2.05e-01;20;sun;2021-04-17;17:22:00;0.96;372;Gradual and isotropic event. Onset could be as early as 17:00;4.04e+02
SEP-C25-0004;2-spacecraft event;2021-05-07;18:43:00;17;331;M3.9;;PSP, STEREO-A, Wind, GB;19:15;19:23;9.6-7;19:08;19:23;20-80;No;RSTN;CME-0004a;https://solar-mach.streamlit.app/?embedded=true&date=20210507&time=1930&carr_long=331&carr_lat=17&reference_sys=0&reference_vsw=400&plot_reference=1&bodies=STEREO+A&bodies=BepiColombo&bodies=Parker+Solar+Probe&bodies=Solar+Orbiter&bodies=L1&speeds=400&speeds=400&speeds=400&speeds=400&speeds=400&;;;;;;;;;;;;;;;;;;;;;;;;;;;;;;;;;;;;;;;;;;;;;;;;-3;48;1;;;;;;;;1.27e-04;10;;;;;;No event;2021-05-07;<=21:00:00;60;0;;;3.18e+01;60;0;2021-05-07;20:41:00;1.27;302;Small event.  Onset determined by eye;;;;;;;1.03e-02;10;;;;;;No event;;2;100;0.34;;;;;;;;9.80e-05;;A;;;;;No event and large data gaps;;;;;;;;;;;;;;No event;;;;;;;;;;;;;;No event;;-7;356;0.97;STEREO-2021050812;2021-05-08;01:30:00;20;;2021-05-08;05:50:00;2.09e-03;20;;2021-05-08;00:52:00;1.17;328;;2021-05-07;20:33:00;2;asun;2021-05-08;06:45:00;2.67e+02;10;sun;2021-05-07;20:15:00;1.19;316;;2021-05-07;~19:30:00;40;;2021-05-08;03:40:00;3.99e-02;40;;2021-05-07;19:20:00;1.20;305;Small and gradual increase. Onset determined by eye;;0;311;0.92;;2021-05-07;20:28:30;7;sun;2021-05-07;22:35:00;1.62e-02;10;sun;2021-05-07;19:54:00;1.07;355;;2021-05-07;19:41:00;2;north;2021-05-07;21:55:00;2.35e+03;10;sun;2021-05-07;19:25:00;1.07;356;;2021-05-07;19:37:30;5;north;2021-05-07;21:45:00;1.71e+00;10;sun;2021-05-07;19:28:00;1.07;357;;5.08e+02
SEP-C25-0005;Widespread event;2021-05-28;22:19:00;19;184;C9.4;;PSP, STEREO-A, Wind, GB;23:00;06:30;20-0.15;23:03;23:07;26-65;No;RSTN;CME-0005a;https://solar-mach.streamlit.app/?embedded=true&date=20210528&time=2230&carr_long=184&carr_lat=19&reference_sys=0&reference_vsw=400&plot_reference=1&bodies=STEREO+A&bodies=BepiColombo&bodies=Parker+Solar+Probe&bodies=Solar+Orbiter&bodies=L1&speeds=400&speeds=400&speeds=400&speeds=400&speeds=400&;;;;;;;;;;;;;;;;;;;;;;;;;;;;;;;;;;;;;;;;;;;;;;;;-1;129;1;;2021-05-28;23:45:00;2;;2021-05-29;01:25:00;2.35e-01;10;;2021-05-28;23:06:00;1.18;384;;2021-05-28;23:30:00;20;0;2021-05-28;23:50:00;1.60e+04;20;0;2021-05-28;23:12:00;1.19;368;;2021-05-28;23:23:00;2;;2021-05-29;00:05:00;1.55e+00;10;;2021-05-28;23:13:00;1.18;387;;2.79e+01;3;190;0.69;;2021-05-28;23:52:30;5;A;2021-05-29;01:45:00;1.97e-01;10;A;2021-05-28;23:28:00;0.74;391;;2021-05-28;23:45:00;2;7 (asun);2021-05-29;00:15:00;1.35e+03;10;3 (sun);2021-05-28;23:34:00;0.74;391;;2021-05-28;23:37:30;5;A;2021-05-29;00:15:00;6.21e+00;10;A;2021-05-28;23:31:00;0.74;390;;3.15e+01;-6;78;0.96;;2021-05-29;00:30:00;20;;2021-05-29;04:10:00;5.31e-03;20;;2021-05-28;23:54:00;1.13;376;;2021-05-28;23:33:00;2;asun;2021-05-29;02:25:00;1.82e+03;10;asun;2021-05-28;23:16:00;1.12;387;;2021-05-28;23:42:30;5;;2021-05-29;00:45:00;1.35e-01;10;;2021-05-28;23:33:00;1.12;385;;3.92e+01;-1;30;0.95;;;;;;;;1.17e-03;;sun;;;;;No event;2021-05-28;23:27:30;5;north;2021-05-29;00:05:00;2.80e+02;10;sun;2021-05-28;23:11:00;1.11;378;;2021-05-28;~23:40:00;40;sun;2021-05-29;00:20:00;1.02e-01;40;sun;2021-05-28;23:30:00;1.12;356;Very small event.  Onset determinedby eye;6.59e+03
SEP-C25-0006;3-spacecraft event. Similar longitudinal separationos between PSP, L1, and STA;2021-06-09;11:50:00;27;65;C1.7;;GB;;;;12:00;12:17;10-400;NRH;RSTN;CME-0006a;https://solar-mach.streamlit.app/?embedded=true&date=20210609&time=1200&carr_long=65&carr_lat=27&reference_sys=0&reference_vsw=400&plot_reference=1&bodies=STEREO+A&bodies=BepiColombo&bodies=Parker+Solar+Probe&bodies=Solar+Orbiter&bodies=L1&speeds=400&speeds=400&speeds=400&speeds=400&speeds=400&;;;;;;;;;;;;;;;;;;;;;;;;;;;;;;;;;;;;;;;;;;;;;;;;0;336;1.01;;2021-06-09;<=13:37:30;5;;2021-06-09;17:45:00;5.03e-03;10;;2021-06-09;12:59:00;1.18;388;;2021-06-09;12:42:30;5;7;2021-06-09;14:55:00;4.53e+02;10;7;2021-06-09;12:25:00;1.19;378;;2021-06-09;12:29:00;2;;2021-06-09;14:25:00;1.46e-01;10;;2021-06-09;12:19:00;1.18;387;;9.90e+01;3;34;0.76;;2021-06-09;>=12:17:30;5;A;2021-06-09;12:45:00;9.28e-02;10;A;2021-06-09;11:49:00;0.87;325;;2021-06-09;12:15:26;10;3 (sun);2021-06-09;12:15:30;6.64e+02;10;3 (sun);2021-06-09;12:02:00;0.87;325;;2021-06-09;11:50:00;20;A;2021-06-09;13:10:00;1.75e+00;20;A;2021-06-09;11:43:00;0.87;325;;1.88e+01;-5;287;0.96;STEREO-2021061121;2021-06-09;>=13:35:00;10;;2021-06-09;18:55:00;4.17e-03;10;;2021-06-09;12:57:00;1.18;315;;2021-06-09;12:35:00;2;asun;2021-06-09;14:15:00;2.74e+02;10;asun;2021-06-09;12:17:00;1.19;312;;2021-06-09;~13:00:00;60;;2021-06-09;14:30:00;4.17e-02;60;;2021-06-09;12:50:00;1.19;312;Small event. Onset determined by eye;;-1;236;0.95;SHK-2021061310;;;;;;;1.37e-04;;sun;;;;;No event;;;;;;;1.59e+01;;sun;;;;;No event;;;;;;;3.93e-02;;sun;;;;;No event;
SEP-C25-0007;2-spacecraft event. Narrow-spread event;2021-07-03;14:18:00;23;99;X1.5;;GB;;;;14:37;14:41;127-160;No;RSTN/More likely a metric Type IV;CME-0007a,CME-0007b,CME-0007c,CME-0007d,CME-0007e;https://solar-mach.streamlit.app/?embedded=true&date=20210703&time=0700&carr_long=99&carr_lat=23&reference_sys=0&reference_vsw=400&plot_reference=1&bodies=STEREO+A&bodies=BepiColombo&bodies=Parker+Solar+Probe&bodies=Solar+Orbiter&bodies=L1&speeds=400&speeds=400&speeds=400&speeds=400&speeds=400&;;;;;;;;;;;;;;;;;;;;;;;;;;;;;;;;;;;;;;;;;;;;;;;;3;21;1.01;WIND-2021070500;2021-07-03;15:29:00;2;;2021-07-03;16:45:00;7.96e-03;10;;2021-07-03;14:51:00;1.17;;;2021-07-03;<=15:05:00;10;0;2021-07-03;15:35:00;4.56e+02;10;0;2021-07-03;14:47:00;1.19;378;On top of previous event;2021-07-03;<=15:31:30;9;;2021-07-03;16:05:00;5.11e-02;10;;2021-07-03;15:22:00;1.17;;;3.44e+01;4;71;0.74;;2021-07-03;14:47:00;2;A;2021-07-03;15:05:00;3.44e-01;10;A;2021-07-03;14:21:00;0.81;;;2021-07-03;14:39:00;2;3 (sun);2021-07-03;14:55:00;4.88e+03;10;3 (sun);2021-07-03;14:27:00;0.81;;;2021-07-03;14:32:30;5;A;2021-07-03;14:55:00;6.85e+00;10;A;2021-07-03;14:26:00;0.81;;;1.99e+01;-3;334;0.96;;;;;;;;1.09e-04;;;;;;;No event;;;;;;;1.93e+01;;sun;;;;;No event;;;;;;;2.09e-02;;;;;;;No event;;-2;281;0.9;;;;;;;;1.36e-04;;sun;;;;;No event;;;;;;;1.55e+01;;sun;;;;;No event;;;;;;;4.46e-02;;sun;;;;;No event;
SEP-C25-0008;3-spacecraft event. Similar longitudinal separationos between PSP, L1, and STA;2021-07-09;17:15:00;30;24;C4.7;;;;;;;;;No;Earlier type II at 10:48 UT but not related with flare;CME-0008a,CME-0008b,CME-0008c;https://solar-mach.streamlit.app/?embedded=true&date=20210709&time=1730&carr_long=24&carr_lat=30&reference_sys=0&reference_vsw=400&plot_reference=1&bodies=STEREO+A&bodies=BepiColombo&bodies=Parker+Solar+Probe&bodies=Solar+Orbiter&bodies=L1&speeds=400&speeds=400&speeds=400&speeds=400&speeds=400&;;;;;;;;;;;;;;;;;;;;;;;;;;;;;;;;;;;;;;;;;;;;;;;;4;296;1.01;;2021-07-09;18:27:30;5;;2021-07-09;>=23:25:00;>=2.18e-03;10;;2021-07-09;17:49:00;1.17;;Data gap during rise phase. Data gap during rising phase;2021-07-09;17:41:00;2;0;2021-07-09;18:25:00;4.11e+04;10;0;2021-07-09;17:22:00;1.26;315;Event happens on top of previous event;2021-07-09;17:35:00;2;;2021-07-09;18:35:00;2.56e+00;10;;2021-07-09;17:25:00;1.17;;Data gap after peak;3.94e+03;4;344;0.7;;;;;;2021-07-09;22:15:00;1.87e-03;30;A;;;;;Onset and rise during data gap;;;;;2021-07-09;23:35:00;4.06e+03;10;7 (asun);;;;;No onset due to data gap;;;;;2021-07-09;22:25:00;4.88e+00;10;B;;;;;No onset due to data gap;2.61e+03;-2;249;0.96;STEREO-2021071100;;;;;;;7.51e-05;;;;;;;No event;2021-07-09;18:45:00;10;south;2021-07-09;23:25:00;1.03e+02;10;sun;2021-07-09;18:30:00;1.01;657;;;;;;;;2.45e-02;;sun;;;;;No event;;-2;196;0.88;;;;;;;;1.62e-04;;sun;;;;;No event;;;;;;;1.60e+01;;sun;;;;;No event;;;;;;;4.69e-02;;sun;;;;;No event;
SEP-C25-0009;2-spacecraft event. Widespread event;2021-07-13;18:07:21;-15;52;M2.8;Flare is behind the limb as seen from Earth, flare location determined using SOLO/STIX. Flare is potentially partly occulted. Therefore, flare intensity could be underestimated;PSP, Wind;18:30;18:50;2.7-1.2;;;;No;PSP data partly unavailable but captures the early part of the event;CME-0009a,CME-0009b,CME-0009c;https://solar-mach.streamlit.app/?embedded=true&date=20210713&time=1845&coord_sys=0&plot_spirals=1&plot_sun_body_line=1&plot_trans=0&plot_nr=0&long_offset=270&reference_long=52&reference_lat=-15&reference_vsw=400&plot_reference=1&bodies=STEREO+A&bodies=BepiColombo&bodies=Parker+Solar+Probe&bodies=Solar+Orbiter&bodies=L1&speeds=400&speeds=400&speeds=400&speeds=400&speeds=400&;;;;;;;;;;;;;;;;;;;;;;;;;;;;;;;;;;;;;;;;;;;;;;;;4;242;1.01;WIND-2021071408;2021-07-13;<22:35:00;10;;2021-07-14;>=04:15:00;>=2.06e-03;10;;2021-07-13;21:57:00;1.17;;Onset and peak during data gaps. Lower/upper limits provided;2021-07-13;19:30:30;60;7;2021-07-14;04:30:30;1.20e+02;60;7;2021-07-13;19:12:00;1.23;334;Very gradual and small event;;;;;2021-07-14;>=04:30:00;>=6.15e-02;10;;;;;;No onset due to data gap. More data gaps after peak;;4;290;0.66;;;;;;2021-07-14;00:35:00;1.97e-02;10;A;;;;;Multiple data gaps, also during onset. PSP not in nominal orientation;;;;;;;;;;;;;;No event due to gata gap. PSP not in nominal orientation;;;;;2021-07-13;23:25:00;1.65e+00;10;B;;;;;No onset due to data gap. PSP not in nominal orientation;8.37e+01;-1;196;0.96;STEREO-2021071518;;;;;;;8.68e-05;;;;;;;No event;;;;;;;9.75e+00;;sun;;;;;No event;;;;;;;2.12e-02;;;;;;;No event;;-2;143;0.87;SHK-2021071817;;;;;;;2.74e-04;;sun;;;;;No event;;;;;;;1.82e+01;;sun;;;;;No event;;;;;;;4.50e-02;;sun;;;;;No event;
SEP-C25-0010;Widespread event;2021-07-15;21:06:14;-18;46;M4.6;Flare is behind the limb as seen from Earth, flare location determined using SOLO/STIX;SOLO, PSP,  STEREO-A, Wind;21:18;00:07;20-0.57;;;;No;;CME-0010a,CME-0010b,CME-0010c,CME-0010d;https://solar-mach.streamlit.app/?embedded=true&date=20210715&time=2115&coord_sys=0&plot_spirals=1&plot_sun_body_line=1&plot_trans=0&plot_nr=0&long_offset=270&reference_long=46&reference_lat=-18&reference_vsw=400&plot_reference=1&bodies=STEREO+A&bodies=BepiColombo&bodies=Parker+Solar+Probe&bodies=Solar+Orbiter&bodies=L1&speeds=400&speeds=400&speeds=400&speeds=400&speeds=400&;;;;;;;;;;;;;;;;;;;;;;;;;;;;;;;;;;;;;;;;;;;;;;;;4;214;1.01;;;;;;2021-07-16;19:55:00;3.72e-03;10;;;;;;No onset due to data gap;2021-07-16;<=02:30:30;60;7;2021-07-16;10:30:30;3.03e+02;60;7;2021-07-16;02:14:00;1.12;474;Peak possibly associated to additional injection;;;;;2021-07-16;17:15:00;2.24e-01;30;;;;;;No onset due to data gap;6.02e+01;4;262;0.64;;2021-07-16;01:22:00;15;B;2021-07-16;>=08:15:00;>=1.62e-02;15;B;2021-07-16;01:01:00;0.65;621;Data gaps during event. PSP not in nominal orientation;2021-07-16;02:30:00;60;3 (sun);2021-07-16;>=10:30:00;>=9.83e+02;60;7 (asun);2021-07-16;02:20:00;0.65;599;Onset determined by eye. PSP not in nominal orientation;2021-07-15;22:15:00;30;B;2021-07-16;08:15:00;5.70e+00;30;B;2021-07-15;22:09:00;0.65;623;PSP not in nominal orientation;3.53e+02;-1;168;0.96;STEREO-2021071809;;;;;;;8.87e-04;;;;;;;No event;;;;;;;9.44e+00;;sun;;;;;No event;;;;;;;2.49e-02;;;;;;;No event;;-2;115;0.86;SHK-2021071817,SHK-2021071908;2021-07-16;00:35:00;10;sun;2021-07-16;10:05:00;3.12e-02;10;sun;2021-07-16;00:03:00;0.97;381;;2021-07-15;<=23:15:00;90;sun;2021-07-16;09:45:00;5.15e+02;90;sun;2021-07-15;23:01:00;0.97;386;Peak could be affected by ion contamination;2021-07-15;<=23:15:00;30;sun;2021-07-16;08:45:00;1.72e+00;30;sun;2021-07-15;23:06:00;0.97;386;Gradual rise. Onset ambiguous, could be already around 22:00 on the 15th;2.43e+02
SEP-C25-0011;Associated with Fermi gamma-ray detection behind the limb;2021-07-17;04:53:39;-17;57;M2.8;Flare is behind the limb as seen from Earth, flare location determined using SOLO/STIX;STEREO-A, GB;05:15;06:07;16-2.5;05:10;05:41;33-83;No;RSTN;CME-0011a;https://solar-mach.streamlit.app/?embedded=true&date=20210717&time=0530&coord_sys=0&plot_spirals=1&plot_sun_body_line=1&plot_trans=0&plot_nr=0&long_offset=270&reference_long=57&reference_lat=-17&reference_vsw=400&plot_reference=1&bodies=STEREO+A&bodies=BepiColombo&bodies=Parker+Solar+Probe&bodies=Solar+Orbiter&bodies=L1&speeds=400&speeds=400&speeds=400&speeds=400&speeds=400&;;;;;;;;;;;;;;;;;;;;;;;;;;;;;;;;;;;;;;;;;;;;;;;;5;196;1.01;;;;;;2021-07-17;09:45:00;2.88e-03;10;;;;;;Period of increased flux due to previous event. Onset not detectable due to mixing with previous event;;;;;;;1.05e+02;;0;;;;;No event. During decay phase of previous event;;;;;;;1.26e-01;10;;;;;;No event. Decay phase of previous event;;4;244;0.62;;;;;;;;4.58e-03;;A;;;;;No event, possibly due to data gaps;;;;;;;;;;;;;;No event;;;;;;;;;;;;;;No event, period of data gaps;;-1;151;0.96;;2021-07-17;11:30:00;60;;2021-07-17;13:30:00;2.34e-03;30;;2021-07-17;10:51:00;1.19;305;Event happens on top of previous event;;;;;;;2.86e+01;;sun;;;;;No event;;;;;;;4.19e-02;;;;;;;No event;3.53e+01;-2;97;0.85;SHK-2021071817,SHK-2021071908;2021-07-17;06:15:00;30;sun;2021-07-17;07:15:00;4.15e-02;30;south;2021-07-17;05:42:00;1.00;324;Onset ocurrs during decay of previous event. Real onset could be earlier;2021-07-17;<=05:34:30;3;south;2021-07-17;06:05:00;8.61e+02;10;south;2021-07-17;05:20:00;1.00;328;Onset ocurrs during decay of previous event. Real onset could be earlier;2021-07-17;<=05:37:30;5;sun;2021-07-17;06:45:00;1.68e+00;10;sun;2021-07-17;05:29:00;1.00;328;Onset during decay of previous event. Real onset could be earlier;7.53e+02
SEP-C25-0012;All spacecraft within 65° in longitude. Radial alignment of SolO, PSP, and STA;2021-09-17;04:09:00;-30;13;C3.5;;GB;;;;04:17;04:27;25-100;No;RSTN;CME-0012a;https://solar-mach.streamlit.app/?embedded=true&date=20210917&time=0730&carr_long=13&carr_lat=-30&reference_sys=0&reference_vsw=400&plot_reference=1&bodies=STEREO+A&bodies=BepiColombo&bodies=Parker+Solar+Probe&bodies=Solar+Orbiter&bodies=L1&speeds=400&speeds=400&speeds=400&speeds=400&speeds=400&;;;;;;;;;;;;;;;;;;;;;;;;;;;;;;;;;;;;;;;;;;;;;;;;7;96;1;;2021-09-18;<=07:10:00;20;;2021-09-18;09:30:00;1.07e-03;20;;2021-09-18;06:32:00;1.16;392;Onset preceded by a small increase;;;;;;;1.53e+01;60;7;;;;;No event;2021-09-17;~07:54:00;60;;2021-09-17;20:30:00;1.20e-02;60;;2021-09-17;07:44:00;1.21;341;Very small event. Onset determined by eye;;3;56;0.75;;2021-09-17;11:45:00;30;A;2021-09-18;05:45:00;7.21e-03;30;A;2021-09-17;11:18:00;0.82;;PSP not in nominal orientation;;;;;;;;;;;;;;No event. PSP not in nominal orientation;2021-09-17;<08:10:00;20;A;2021-09-18;05:50:00;1.43e+00;20;B;2021-09-17;08:03:00;0.82;;Gradual increase. PSP not in nominal orientation;1.98e+02;6;55;0.96;;2021-09-17;>=18:50:00;20;;2021-09-18;13:50:00;3.69e-03;20;;2021-09-17;18:13:00;1.13;359;;;;;;;;;;;;;;;Period of ion contamination;2021-09-17;<=19:45:00;50;;2021-09-18;14:55:00;7.10e-02;50;;2021-09-17;19:35:00;1.15;338;Gradual increase. Onset preceded by another small increase;2.95e+01;1;54;0.59;;;;;;;;;;;;;;;;;;;;;;;;;;;;;Data gap;;;;;;;;;;;;;;;
SEP-C25-0013;All spacecraft within 45° in longitude;2021-09-28;05:54:00;-26;348;C1.6;;PSP, STEREO-A, Wind, GB;06:23;07:05;20-6.6;06:20;06:41;25-85;No;RSTN. SOLO data unavailable;CME-0013a;https://solar-mach.streamlit.app/?embedded=true&date=20210928&time=0600&carr_long=348&carr_lat=-26&reference_sys=0&reference_vsw=400&plot_reference=1&bodies=STEREO+A&bodies=BepiColombo&bodies=Parker+Solar+Probe&bodies=Solar+Orbiter&bodies=L1&speeds=400&speeds=400&speeds=400&speeds=400&speeds=400&;;;;;;;;;;;;;;;;;;;;;;;;;;;;;;;;;;;;;;;;;;;;;;;;7;312;0.99;WIND-2021093014;2021-09-28;07:30:00;20;;2021-09-28;12:10:00;7.66e-04;20;;2021-09-28;06:55:00;1.07;555;;2021-09-28;07:02:00;4;0;2021-09-28;07:15:00;2.94e+02;10;0;2021-09-28;06:46:00;1.10;502;;2021-09-28;06:54:00;5;;2021-09-28;07:35:00;3.52e-02;10;;2021-09-28;06:45:00;1.08;548;;2.57e+02;4;268;0.78;;2021-09-28;06:45:00;30;A;2021-09-28;07:45:00;3.33e-03;30;A;2021-09-28;06:16:00;0.89;329;PSP not in nominal orientation;;;;;;;;;;;;;;No event. PSP not in nominal orientation;2021-09-28;06:45:00;10;A;2021-09-28;07:15:00;4.43e-01;10;A;2021-09-28;06:37:00;0.89;329;PSP not in nominal orientation;1.33e+02;7;272;0.96;STEREO-2021092819;2021-09-28;08:20:30;7;;2021-09-28;10:35:00;1.89e-03;10;;2021-09-28;07:44:00;1.13;356;;2021-09-28;07:22:30;3;north;2021-09-28;08:45:00;9.25e+01;10;north;2021-09-28;07:06:00;1.13;357;;;;;;;;2.15e-02;;;;;;;No event;;2;285;0.62;;2021-09-28;06:45:00;30;sun;2021-09-28;09:15:00;2.31e-03;30;sun;2021-09-28;06:23:00;0.68;314;Small event;2021-09-28;06:52:30;5;sun;2021-09-28;07:25:00;5.79e+02;10;sun;2021-09-28;06:42:00;0.68;314;;2021-09-28;06:55:00;10;sun;2021-09-28;07:05:00;3.52e-01;10;sun;2021-09-28;06:49:00;0.68;314;;1.10e+03
SEP-C25-0014;All spacecraft within 40° in longitude;2021-10-09;06:19:00;18;158;M1.6;;SOLO, PSP, STEREO-A, Wind, GB;06:37;07:36;20-4.25;06:30;06:59;25-180;No;RSTN;CME-0014a;https://solar-mach.streamlit.app/?embedded=true&date=20211009&time=0630&carr_long=158&carr_lat=18&reference_sys=0&reference_vsw=400&plot_reference=1&bodies=STEREO+A&bodies=L1&bodies=BepiColombo&bodies=Parker+Solar+Probe&bodies=Solar+Orbiter&speeds=400&speeds=400&speeds=400&speeds=400&speeds=400&;;;;;;;;;;;;;;;;;;;;;;;;;;;;;;;;;;;;;;;;;;;;;;;;6;166;0.99;WIND-2021101201;2021-10-09;<=10:16:30;3;;2021-10-09;18:45:00;8.39e-03;10;;2021-10-09;09:35:00;1.25;296;Data gap during rising phase;2021-10-09;<=08:05:00;10;0;2021-10-09;14:25:00;4.10e+02;10;0;2021-10-09;07:46:00;1.28;281;;2021-10-09;<=08:55:00;10;;2021-10-09;>=13:15:00;5.10e-02;10;;2021-10-09;08:44:00;1.27;288;Onset preceeded by data gap. Peak followed by a data gap;3.17e+01;4;118;0.77;;2021-10-09;07:07:30;3;A;2021-10-09;08:05:00;3.32e-01;10;A;2021-10-09;06:40:00;0.85;376;PSP not in nominal orientation;2021-10-09;06:45:00;10;3 (sun);2021-10-09;07:25:00;4.80e+03;10;3 (sun);2021-10-09;06:32:00;0.85;379;PSP not in nominal orientation;2021-10-09;06:37:30;5;A;2021-10-09;07:05:00;9.80e+00;10;A;2021-10-09;06:30:00;0.85;376;PSP not in nominal orientation;2.95e+01;7;127;0.96;STEREO-2021101212;2021-10-09;<=07:33:00;2;;2021-10-09;09:35:00;2.99e-01;10;;2021-10-09;06:57:00;1.10;400;Small flux increase preceding the event;2021-10-09;06:49:00;2;sun;2021-10-09;07:25:00;3.28e+04;10;asun;2021-10-09;06:33:00;1.10;398;;2021-10-09;06:57:00;2;;2021-10-09;07:55:00;1.05e+00;10;;2021-10-09;06:48:00;1.10;398;;6.76e+00;2;151;0.68;SHK-2021101107;2021-10-09;06:59:00;2;sun;2021-10-09;11:15:00;2.69e-01;10;north;2021-10-09;06:35:00;0.74;370;;2021-10-09;06:40:15;0.5;sun;2021-10-09;06:55:00;1.72e+04;10;sun;2021-10-09;06:29:00;0.74;370;;2021-10-09;06:40:30;1;sun;2021-10-09;07:45:00;7.01e+00;10;sun;2021-10-09;06:34:00;0.74;370;;1.17e+02
SEP-C25-0015;First GLE of solar cycle 25;2021-10-28;15:17:00;-28;272;X1.0;;SOLO, PSP, STEREO-A, Wind, GB;15:30;16:15;20-0.95;15:26;15:53;5-500;No;RSTN;CME-0015a,CME-0015b;https://solar-mach.streamlit.app/?embedded=true&date=20211028&time=1530&carr_long=272&carr_lat=-28&reference_sys=0&reference_vsw=400&plot_reference=1&bodies=STEREO+A&bodies=BepiColombo&bodies=Parker+Solar+Probe&bodies=Solar+Orbiter&bodies=L1&speeds=400&speeds=400&speeds=400&speeds=400&speeds=400&;;;;;;;;;;;;;;;;;;;;;;;;;;;;;;;;;;;;;;;;;;;;;;;;5;271;0.98;WIND-2021103109;2021-10-28;16:49:30;3;;2021-10-29;00:45:00;3.99e-01;10;;2021-10-28;16:11:00;1.18;348;;2021-10-28;16:12:30;5;7;2021-10-28;18:25:00;4.69e+03;10;7;2021-10-28;15:54:00;1.24;304;;2021-10-28;15:55:00;2;;2021-10-29;04:55:00;9.68e+00;10;;2021-10-28;15:45:00;1.19;340;;6.84e+01;4;217;0.62;;2021-10-28;15:41:00;2;A;2021-10-28;18:05:00;5.13e+01;10;A;2021-10-28;15:20:00;0.65;452;PSP not in nominal orientation;2021-10-28;15:37:00;2;3 (sun);2021-10-28;>=16:45:00;>=9.81e+05;10;7 (asun);2021-10-28;15:27:00;0.65;479;Real peak could be later inside data gap. PSP not in nominal orientation;2021-10-28;15:35:00;2;B;2021-10-28;<=17:05:00;>=9.88e+03;10;B;2021-10-28;15:29:00;0.65;479;Small data gap during peak phase. PSP not in nominal orientation;1.93e+02;7;233;0.96;STEREO-2021103012;2021-10-28;>=16:11:30;1;;2021-10-28;18:15:00;7.63e+00;10;;2021-10-28;15:35:00;1.13;355;;2021-10-28;15:42:30;1;sun;2021-10-28;18:15:00;1.16e+05;10;sun;2021-10-28;15:26:00;1.13;357;;2021-10-28;15:38:30;1;;2021-10-28;17:05:00;1.52e+02;10;;2021-10-28;15:29:00;1.13;358;;2.77e+01;2;268;0.8;SHK-2021103022;2021-10-28;16:09:00;2;sun;2021-10-28;20:25:00;2.90e+00;10;sun;2021-10-28;15:40:00;0.89;;;2021-10-28;15:49:30;1;sun;2021-10-28;17:15:00;4.37e+04;10;sun;2021-10-28;15:36:00;0.89;;;2021-10-28;15:39:15;0.5;sun;2021-10-28;17:45:00;4.58e+02;10;north;2021-10-28;15:31:00;0.89;;;7.87e+01
SEP-C25-0016;4-spacecraft event. All observers within 55° in longitude;2021-11-01;00:57:00;-29;271;M1.5;;SOLO, PSP, STEREO-A, Wind, GB;01:30;02:05;20-6.8;01:29;01:32;25-180;No;RSTN;CME-0016a;https://solar-mach.streamlit.app/?embedded=true&date=20211101&time=0130&carr_long=271&carr_lat=-29&reference_sys=0&reference_vsw=400&plot_reference=1&bodies=STEREO+A&bodies=BepiColombo&bodies=Parker+Solar+Probe&bodies=Solar+Orbiter&bodies=L1&speeds=400&speeds=400&speeds=400&speeds=400&speeds=400&;;;;;;;;;;;;;;;;;;;;;;;;;;;;;;;;;;;;;;;;;;;;;;;;4;226;0.98;WIND-2021110319;2021-11-01;<=04:05:00;10;;2021-11-01;07:15:00;3.84e-02;10;;2021-11-01;03:28:00;1.12;414;Very gradual rise on top of previous event. Onset determined by eye;2021-11-01;~01:40:00;10;7;2021-11-01;06:05:00;3.68e+03;10;7;2021-11-01;01:23:00;1.13;410;Onset during decay of previous event. Data gaps during event.  Onset determined by eye;2021-11-01;~02:29:00;10;;2021-11-01;05:55:00;1.47e+00;10;;2021-11-01;02:20:00;1.12;425;Event during decay of previous event. Onset determined by eye;;4;172;0.58;;2021-11-01;~02:00:00;15;A;2021-11-01;02:52:30;5.11e-02;15;A;2021-11-01;01:40:00;0.62;354;Very small event on top of the decay of previous event. Multiple data gaps. Onset determined by eye. PSP not in nominal orientation;2021-11-01;01:52:30;15;3 (sun);2021-11-01;02:07:30;2.01e+03;15;3 (sun);2021-11-01;01:43:00;0.62;354;Data gaps during event. PSP not in nominal orientation;2021-11-01;<=01:59:00;2;A;2021-11-01;03:25:00;1.81e+01;10;B;2021-11-01;01:54:00;0.62;354;Onset during data gap. Upper limit for onset given. PSP not in nominal orientation;3.54e+02;7;188;0.96;STEREO-2021110309,STEREO-2021110404;2021-11-01;<=02:34:30;1;;2021-11-01;03:05:00;9.08e-02;10;;2021-11-01;02:00:00;1.07;459;Onset occurs during decay of previous event. Real onset could be earlier;2021-11-01;01:59:00;2;sun;2021-11-01;03:45:00;1.03e+04;10;asun;2021-11-01;01:43:00;1.07;460;;2021-11-01;02:02:00;4;;2021-11-01;03:05:00;1.85e+00;10;;2021-11-01;01:53:00;1.07;460;;3.58e+01;2;224;0.83;SHK-2021110308,SHK-2021110312,SHK-2021110314,SHK-2021110514;2021-11-01;02:32:30;5;sun;2021-11-01;04:05:00;1.58e-01;10;sun;2021-11-01;02:03:00;0.92;;Onset occurs during decay of previous event. Real onset could be earlier;2021-11-01;<=01:54:30;1;north;2021-11-01;03:05:00;4.02e+04;10;sun;2021-11-01;01:41:00;0.92;;Event on top of previous event;2021-11-01;02:03:00;2;sun;2021-11-01;03:05:00;6.24e+01;10;sun;2021-11-01;01:55:00;0.92;;;2.43e+02
SEP-C25-0017;3-spacecraft event. L1 and SOLO radially aligned and closely spaced;2021-11-09;15:47:00;19;201;M2.0;;PSP, STEREO-A, Wind;16:57;17:10;20-5.7;;;;No;;CME-0017a;https://solar-mach.streamlit.app/?embedded=true&date=20211109&time=1700&carr_long=201&carr_lat=19&reference_sys=0&reference_vsw=400&plot_reference=1&bodies=STEREO+A&bodies=BepiColombo&bodies=Parker+Solar+Probe&bodies=Solar+Orbiter&bodies=L1&speeds=400&speeds=400&speeds=400&speeds=400&speeds=400&;;;;;;;;;;;;;;;;;;;;;;;;;;;;;;;;;;;;;;;;;;;;;;;;3;112;0.98;;2021-11-09;17:53:30;1;;2021-11-09;20:35:00;4.51e-03;10;;2021-11-09;17:16:00;1.14;392;;2021-11-09;17:12:30;5;0;2021-11-09;18:45:00;1.01e+03;10;0;2021-11-09;16:55:00;1.17;357;;2021-11-09;17:15:00;2;;2021-11-09;17:53:00;2.87e-01;10;;2021-11-09;17:05:00;1.15;381;;3.24e+02;4;60;0.42;;;;;;;;2.20e-04;;A;;;;;No event;;;;;;;;;;;;;;No event;;;;;;;;;;;;;;No event;;7;75;0.96;STEREO-2021111123;;;;;;;1.77e-04;;;;;;;No event;2021-11-09;17:41:30;11;asun;2021-11-10;01:23:30;9.53e+01;11;sun;2021-11-09;17:25:00;1.08;439;;;;;;;;2.84e-02;;;;;;;No event;;2;112;0.88;;2021-11-09;17:45:00;30;south;2021-11-09;22:45:00;2.83e-03;30;south;2021-11-09;17:13:00;1.00;397;Small event;2021-11-09;17:19:30;3;sun;2021-11-09;19:05:00;7.09e+02;10;north;2021-11-09;17:05:00;1.00;399;;2021-11-09;17:25:30;3;north;2021-11-09;19:05:00;2.66e+00;10;north;2021-11-09;17:17:00;1.00;399;;6.92e+02
SEP-C25-0018;L1 and SolO closely spaced;2021-12-05;06:58:00;-25;223;M1.4;;;;;;;;;No;;CME-0018a;https://solar-mach.streamlit.app/?embedded=true&date=20211205&time=0700&carr_long=223&carr_lat=-25&reference_sys=0&reference_vsw=400&plot_reference=1&bodies=STEREO+A&bodies=BepiColombo&bodies=Parker+Solar+Probe&bodies=Solar+Orbiter&bodies=L1&speeds=400&speeds=400&speeds=400&speeds=400&speeds=400&;;;;;;;;;;;;;;;;;;;;;;;;;;;;;;;;;;;;;;;;;;;;;;;;0;134;0.98;;2021-12-05;<=08:25:00;10;;2021-12-05;09:35:00;6.46e-04;10;;2021-12-05;07:49:00;1.11;431;;2021-12-05;~07:00:00;10;1;2021-12-05;09:05:00;1.23e+02;10;1;2021-12-05;06:43:00;1.12;416;Event during decay of previous event.   Onset determined by eye. Data gaps in sectors  0 and 7, used sector 1 instead;;;;;2021-12-06;09:10:00;1.41e-02;20;;;;;;Event too small to determine onset;;3;360;0.47;;;;;;;;8.08e-04;;A;;;;;No event;;;;;;;;;;;;;;No event;;;;;;;;;;;;;;No event;;5;99;0.96;;;;;;;;1.03e-04;;;;;;;No event;;;;;2021-12-05;08:35:00;3.89e+01;10;south;;;;;Event too small to determine onset;;;;;;;1.97e-02;;;;;;;No event;;1;132;1.01;;2021-12-05;08:10:00;20;sun;2021-12-05;10:30:00;2.50e-03;20;sun;2021-12-05;07:33:00;1.15;427;Small event;2021-12-05;07:35:00;10;north;2021-12-05;07:55:00;3.73e+02;10;north;2021-12-05;07:18:00;1.15;435;Event happens during decay of previous event. Real onset could be earlier;;;;;;;9.33e-02;;sun;;;;;No event;
SEP-C25-0019;3-spacecraft event. All observers within 35° longitue;2022-01-20;05:41:00;8;325;M5.5;;PSP, STEREO-A, Wind, GB;06:08;06:17;20-14;05:57;06:13;61-180;No;RSTN. SOLO data unavailable;CME-0019a;https://solar-mach.streamlit.app/?embedded=true&date=20220120&time=0600&carr_long=325&carr_lat=8&reference_sys=0&reference_vsw=400&plot_reference=1&bodies=STEREO+A&bodies=BepiColombo&bodies=Parker+Solar+Probe&bodies=Solar+Orbiter&bodies=L1&speeds=400&speeds=400&speeds=400&speeds=400&speeds=400&;;;;;;;;;;;;;;;;;;;;;;;;;;;;;;;;;;;;;;;;;;;;;;;;-5;249;0.97;WIND-2022012112;2022-01-20;06:37:30;5;;2022-01-20;09:05:00;2.45e-01;10;;2022-01-20;06:02:00;1.08;480;Onset occurs during decay of previous event. Real onset could be earlier;2022-01-20;06:13:30;1;6;2022-01-20;08:35:00;3.11e+04;10;6;2022-01-20;05:57:00;1.08;475;Data gaps in sectors 0 and 7;2022-01-20;06:07:00;2;;2022-01-20;09:05:00;1.05e+01;10;;2022-01-20;05:58:00;1.08;483;;;4;102;0.73;;;;;;;;1.53e-04;;A;;;;;No event;;;;;;;;;;;;;;No event;;;;;;;;;;;;;;No event. Data gaps;;-1;214;0.97;STEREO-2022012214;2022-01-20;06:55:00;10;;2022-01-20;11:45:00;4.51e-02;10;;2022-01-20;06:18:00;1.14;365;;2022-01-20;06:15:00;2;north;2022-01-20;07:25:00;9.85e+03;10;south;2022-01-20;05:58:00;1.15;355;;2022-01-20;<=06:25:00;2;;2022-01-20;11:05:00;1.04e+00;10;;2022-01-20;06:15:00;1.15;355;;3.77e+01;-1;232;0.92;;2022-01-20;>=07:14:15;0.5;asun;2022-01-20;08:45:00;2.28e-01;10;asun;2022-01-20;06:41:00;1.01;488;First arriving particles from anti-sun direction;2022-01-20;06:27:45;0.5;asun;2022-01-20;09:05:00;1.68e+04;10;asun;2022-01-20;06:13:00;1.01;501;First arriving particles from anti-sun. Onset ocurrs during decay of previous event. Real onset could be earlier;2022-01-20;06:16:30;1;north;2022-01-20;09:35:00;5.60e+01;10;north;2022-01-20;06:08:00;1.01;501;;1.17e+02
SEP-C25-0020;Widespread event. Magnetic alignment of STA & SolO. Bepi & PSP very closely spaced. Also observed at Mars;2022-02-15;;;;;;PSP, STEREO-A, Wind;21:55;23:00;20-0.45;;;;No;;CME-0020a;https://solar-mach.streamlit.app/?embedded=true&date=20220215&time=1715&coord_sys=0&plot_spirals=1&plot_sun_body_line=1&plot_trans=0&plot_markers=Squares&long_offset=270&bodies=STEREO+A&bodies=BepiColombo&bodies=Parker+Solar+Probe&bodies=Solar+Orbiter&bodies=L1&speeds=400&speeds=400&speeds=400&speeds=400&speeds=400&;;;;;;;;;;;;;;;;;;;;;;;;;;;;;;;;;;;;;;;;;;;;;;;;-7;260;0.98;;2022-02-16;~00:30:00;60;;2022-02-16;11:30:00;6.01e-03;60;;2022-02-15;23:52:00;1.15;376;Very gradual increase. Onset determined by eye;2022-02-16;<=00:30:00;60;7;2022-02-16;18:30:00;4.21e+02;60;7;2022-02-16;00:13:00;1.15;376;Gradual increase;2022-02-15;23:30:00;60;;2022-02-16;12:30:00;4.99e-01;60;;2022-02-15;23:20:00;1.15;376;;2.69e+02;4;114;0.38;;2022-02-15;>=22:19:30;1;A;2022-02-16;05:25:00;7.13e+00;;A;2022-02-15;22:07:00;0.38;596;PSP not in nominal orientation;2022-02-15;22:11:00;2;7 (asun);2022-02-16;>=02:25:00;>=1.26e+05;10;7 (asun);2022-02-15;22:05:00;0.38;596;PSP not in nominal orientation;2022-02-15;21:57:00;2;A;2022-02-16;00:05:00;1.03e+03;10;B;2022-02-15;21:54:00;0.38;595;PSP not in nominal orientation;1.44e+02;-4;226;0.97;STEREO-2022021711;2022-02-16;05:30:00;60;;2022-02-17;21:30:00;1.06e-02;60;;2022-02-16;04:50:00;1.22;292;Very gradual increase, ambigious onset;2022-02-16;<=03:30:00;60;sun;2022-02-16;20:55:00;1.00e+02;60;sun;2022-02-16;03:12:00;1.21;302;Gradual increase;2022-02-16;<=03:40:00;40;;2022-02-18;11:00:00;2.07e-01;40;;2022-02-16;03:30:00;1.21;301;Very gradual increase, ambigious onset;2.36e+01;-3;243;0.72;SHK-2022021621;2022-02-16;<=04:30:00;60;north;2022-02-16;20:30:00;2.16e-02;60;asun;2022-02-16;04:03:00;0.82;313;Very gradual increase, ambigious onset;2022-02-16;<=04:30:00;60;sun;2022-02-16;20:30:00;5.14e+03;60;asun;2022-02-16;04:18:00;0.82;313;Very gradual increase, ambiguous onset. Onset could be as early as 2:00 on the 16th;2022-02-16;<=02:30:00;60;north;2022-02-16;20:30:00;1.04e+01;60;south;2022-02-16;02:23:00;0.81;322;Gradual rise. Onset could be as early as 00:00 on the 16th;3.21e+02
SEP-C25-0021;Widespread event;2022-03-10;;;;;;;;;;;;;No;;CME-0021a,CME-0021b;https://solar-mach.streamlit.app/?embedded=true&date=20220310&time=1915&coord_sys=0&plot_spirals=1&plot_sun_body_line=1&plot_trans=0&plot_markers=Squares&long_offset=270&bodies=STEREO+A&bodies=BepiColombo&bodies=Parker+Solar+Probe&bodies=Solar+Orbiter&bodies=L1&speeds=400&speeds=400&speeds=400&speeds=400&speeds=400&;1;275;0.42;;2022-03-10;21:40:30;3;1;2022-03-11;>=02:45:00;>=4.31e-02;10;2;2022-03-10;21:27:00;0.43;;Data gap during later phase, possibly masking the peak;2022-03-10;<=21:27:00;2;1;2022-03-11;>=00:55:00;4.54e+02;10;1;2022-03-10;21:21:00;0.43;;Small bump in background period, onset might be earlier. Data gap in decay phase;;;;;;;6.40e-01;10;1;;;;;No event. Possibly due to data gap;4.04e+01;-7;316;0.98;WIND-2022031310;2022-03-10;22:47:30;5;;2022-03-11;02:35:00;2.45e-03;10;;2022-03-10;22:09:00;1.17;353;;2022-03-10;20:50:00;20;0;2022-03-11;00:10:00;3.93e+02;20;0;2022-03-10;20:33:00;1.17;364;Second injection on top of decay phase;2022-03-10;~22:45:00;30;;2022-03-11;06:15:00;3.84e-02;30;;2022-03-10;22:35:00;1.17;353;Small and gradual increase. Onset determined by eye;;3;84;0.46;;;;;;;;1.86e-04;;A;;;;;No event;;;;;;;;;;;;;;No event;;;;;;;;;;;;;;No event;;-6;282;0.97;STEREO-2022031221,STEREO-2022031307;2022-03-11;00:15:00;30;;2022-03-11;08:15:00;9.54e-04;30;;2022-03-10;23:36:00;1.20;312;Small event;2022-03-10;21:42:30;5;south;2022-03-11;00:05:00;1.04e+02;10;south;2022-03-10;21:24:00;1.21;300;Event followed by a period of ion contamination;;;;;;;2.57e-02;;;;;;;No event;5.66e+01;-4;324;0.45;SHK-2022031119;2022-03-10;21:05:00;10;sun;2022-03-10;22:35:00;8.50e-03;10;sun;2022-03-10;20:49:00;0.48;300;;2022-03-10;<=20:47:31;5;sun;2022-03-10;21:32:31;5.54e+03;5;sun;2022-03-10;20:40:00;0.48;298;;2022-03-10;21:18:00;4;sun;2022-03-10;22:15:00;7.17e-01;10;sun;2022-03-10;21:14:00;0.48;300;;1.85e+04
SEP-C25-0022;Widespread event;2022-03-14;17:13:36;-24;14;B8.5;Flare is behind the limb as seen from Earth, flare location determined using SOLO/STIX. Flare is potentially partly occulted. Therefore, flare intensity could be underestimated;PSP, GB;17:20;17:36;20-10.7;17:20;17:39;25-180;No;RSTN;CME-0022a;https://solar-mach.streamlit.app/?embedded=true&date=20220314&time=1730&coord_sys=0&plot_spirals=1&plot_sun_body_line=1&plot_trans=0&plot_nr=0&long_offset=270&reference_long=14&reference_lat=-24&reference_vsw=400&plot_reference=1&bodies=STEREO+A&bodies=BepiColombo&bodies=Parker+Solar+Probe&bodies=Solar+Orbiter&bodies=L1&speeds=400&speeds=400&speeds=400&speeds=400&speeds=400&;0;232;0.46;;2022-03-15;01:12:30;25;1;2022-03-15;08:42:30;1.06e-02;25;0;2022-03-15;00:58:00;0.47;;Very small event;2022-03-14;<=20:30:00;60;0;2022-03-15;02:30:00;8.51e+01;60;1;2022-03-14;20:23:00;0.47;;Event during decay of previous event. Real onset could be earlier;;;;;;;5.94e-01;10;1;;;;;No event;;-7;265;0.98;;2022-03-14;<=20:42:30;5;;2022-03-15;05:05:00;1.85e-02;10;;2022-03-14;20:05:00;1.13;404;;;;;;2022-03-14;22:35:00;4.74e+02;10;0;;;;;Event happens during another ongoing event. Peak could be related to this other event;2022-03-14;18:45:00;50;;2022-03-15;04:45:00;1.32e-01;50;;2022-03-14;18:36:00;1.11;435;Possibly two events on top of each other;3.75e+01;3;34;0.53;;2022-03-14;17:42:30;5;A;2022-03-14;19:05:00;9.04e-02;10;A;2022-03-14;17:25:00;0.54;534;PSP not in nominal orientation;2022-03-14;17:35:00;10;3 (sun);2022-03-14;18:15:00;1.76e+03;10;7 (asun);2022-03-14;17:27:00;0.54;536;PSP not in nominal orientation;2022-03-14;17:17:30;5;A;2022-03-14;17:45:00;1.19e+01;10;A;2022-03-14;17:13:00;0.54;529;PSP not in nominal orientation;1.32e+02;-7;231;0.97;;2022-03-14;>=18:30:00;20;;2022-03-15;05:50:00;7.86e-03;20;;2022-03-14;17:53:00;1.14;363;;2022-03-14;<=18:50:00;20;sun;2022-03-15;03:50:00;2.42e+02;10;sun;2022-03-14;18:33:00;1.14;364;“Background period dominated by ion contamination. Onset ambiguous.”;2022-03-15;~17:00:00;60;;2022-03-14;23:30:00;5.59e-02;60;;2022-03-15;16:50:00;1.14;362;Very gradual increase. Onset determined by eye;1.34e+01;-4;283;0.41;;2022-03-14;18:05:00;10;sun;2022-03-14;22:35:00;2.85e-02;10;sun;2022-03-14;17:52:00;0.41;380;;2022-03-14;17:35:00;10;sun;2022-03-14;17:45:00;7.41e+02;10;sun;2022-03-14;17:29:00;0.41;379;;2022-03-14;17:25:00;10;north;2022-03-14;22:55:00;2.69e+00;10;north;2022-03-14;17:21:00;0.41;380;;
SEP-C25-0023;Widespread event;2022-03-21;05:40:39;-24;313;C1.4;Flare is behind the limb as seen from Earth, flare location determined using SOLO/STIX. Flare is potentially partly occulted. Therefore, flare intensity and flare start time could be underestimated;PSP, GB;05:40;09:50;20-4.5;05:49;05:56;25-56;No;RSTN;CME-0023a;https://solar-mach.streamlit.app/?embedded=true&date=20220321&time=0600&coord_sys=0&plot_spirals=1&plot_sun_body_line=1&plot_trans=0&plot_nr=0&long_offset=270&reference_long=313&reference_lat=-24&reference_vsw=400&plot_reference=1&bodies=STEREO+A&bodies=BepiColombo&bodies=Parker+Solar+Probe&bodies=Solar+Orbiter&bodies=L1&speeds=400&speeds=400&speeds=400&speeds=400&speeds=400&;;;;;;;;;;;;;;;;;;;;;;;;;;;;;;;;;;;;;;;;;;;;;;;;-7;179;0.99;;2022-03-21;06:51:35;2;;2022-03-21;08:35:35;4.03e-02;10;;2022-03-21;06:12:00;1.21;321;;2022-03-21;06:01:30;3;0;2022-03-21;06:35:00;7.71e+02;10;0;2022-03-21;05:43:00;1.22;317;;2022-03-21;06:01:30;3;;2022-03-21;08:05:00;1.47e-01;10;;2022-03-21;05:51:00;1.23;305;;1.20e+01;3;308;0.62;;2022-03-21;06:23:01;5;A;2022-03-21;09:25:31;8.02e-02;10;A;2022-03-21;06:00:00;0.69;299;PSP not in nominal orientation;2022-03-21;06:15:00;30;3 (sun);2022-03-21;>=09:45:00;>=9.18e+02;30;7 (asun);2022-03-21;06:05:00;0.69;299;Real peak could be inside the data gap.  PSP not in nominal orientation;2022-03-21;06:02:30;5;A;2022-03-21;07:25:00;2.02e+00;10;A;2022-03-21;05:57:00;0.69;299;PSP not in nominal orientation;2.52e+01;-7;145;0.97;;2022-03-21;07:45:51;10;;2022-03-21;10:45:51;3.61e-03;10;;2022-03-21;07:08:00;1.16;342;;2022-03-21;<=06:07:30;5;asun;2022-03-21;08:25:00;1.42e+02;10;north;2022-03-21;05:50:00;1.15;351;;;;;;2022-03-21;10:30:51;3.23e-02;60;;;;;;Event too gradual to determine onset;2.29e+01;-3;223;0.34;;2022-03-21;05:13:30;3;south;2022-03-21;07:15:00;3.71e-01;10;sun;2022-03-21;05:02:00;0.35;280;;2022-03-21;05:35:00;10;sun;2022-03-21;06:15:00;4.17e+03;10;asun;2022-03-21;05:30:00;0.35;269;;2022-03-21;05:25:00;10;sun;2022-03-21;06:15:00;1.32e+01;10;north;2022-03-21;05:22:00;0.35;280;;2.09e+01
SEP-C25-0024;2-spacecraft event;2022-03-28;10:58:00;14;88;M4.0;;GB;;;;11:23;11:50;25-180;NRH;RSTN;CME-0024a,CME-0024b,CME-0024c;https://solar-mach.streamlit.app/?embedded=true&date=20220328&time=1100&carr_long=88&carr_lat=14&reference_sys=0&reference_vsw=400&plot_reference=1&bodies=STEREO+A&bodies=BepiColombo&bodies=Parker+Solar+Probe&bodies=Solar+Orbiter&bodies=L1&speeds=400&speeds=400&speeds=400&speeds=400&speeds=400&;;;;;;;;;;;;;;;;;;;;;;;;;;;;;;;;;;;;;;;;;;;;;;;;-7;84;0.99;WIND-2022033101;2022-03-28;12:25:43;2;;2022-03-28;15:55:43;1.57e-01;10;;2022-03-28;11:49:00;1.11;458;Data gaps during decay phase;2022-03-28;11:45:00;2;0;2022-03-28;12:25:00;1.84e+04;10;0;2022-03-28;11:29:00;1.08;520;;2022-03-28;11:49:00;2;;2022-03-28;13:55:00;2.51e+00;10;;2022-03-28;11:40:00;1.11;458;;1.71e+01;3;211;0.69;;;;;;;;1.50e-04;60;A;;;;;No event;;;;;;;;;;;;;;No event;;;;;;;;;;;;;;No event;;-7;50;0.97;;2022-03-28;12:04:22;1;;2022-03-28;13:15:52;6.65e-01;10;;2022-03-28;11:29:00;1.09;445;;2022-03-28;11:34:30;3;sun;2022-03-28;12:35:00;2.72e+04;10;sun;2022-03-28;11:18:00;1.09;436;;2022-03-28;11:25:00;10;;2022-03-28;12:35:00;3.21e+00;10;;2022-03-28;11:16:00;1.09;434;;8.65e+00;1;167;0.33;;;;;;;;2.34e-03;20;north;;;;;No event;;;;;;;9.50e+01;10;asun;;;;;No event;;;;;;;2.55e-01;120;north;;;;;Event too small to determine onset;
SEP-C25-0025;Widespread event. Magnetic alignment of STA and BepiColombo;2022-03-30;17:21:00;13;85;X1.3;;GB;;;;17:32;17:43;25-180;No;RSTN;CME-0025a,CME-0025b;https://solar-mach.streamlit.app/?embedded=true&date=20220330&time=1900&carr_long=85&carr_lat=13&reference_sys=0&reference_vsw=400&plot_reference=1&bodies=STEREO+A&bodies=BepiColombo&bodies=Parker+Solar+Probe&bodies=Solar+Orbiter&bodies=L1&speeds=400&speeds=400&speeds=400&speeds=400&speeds=400&;;;;;;;;;;;;;;;;;;;;;;;;;;;;;;;;;;;;;;;;;;;;;;;;-7;53;0.99;WIND-2022040200;2022-03-30;19:40:00;10;;2022-03-31;04:46:19;1.11e-01;10;;2022-03-30;19:02:00;1.16;374;Onset determined by eye. Data gap during onset period. Peak potentially caused by a second event on top;2022-03-30;=<18:47:30;5;7;2022-03-31;01:45:00;3.70e+03;10;7;2022-03-30;18:30:00;1.15;393;;;;;;2022-03-31;04:46:00;3.09e+00;10;;;;;;No onset due to data gaps. Peak potentially associated with another increase on top;9.15e+01;3;180;0.71;;;;;;;;;;;;;;;;;;;;;;;;;;;;;No event;;;;;;;;;;;;;;No event, data gaps;;-7;20;0.97;STEREO-2022033104;2022-03-30;18:14:22;1;;2022-03-30;19:25:52;1.28e+00;10;;2022-03-30;17:41:00;1.02;672;;2022-03-30;17:47:00;2;sun;2022-03-30;17:55:00;6.77e+04;10;north;2022-03-30;17:32:00;1.02;673;;2022-03-30;17:35:00;10;;2022-03-30;18:25:00;4.33e+01;;;2022-03-30;17:26:00;1.02;675;;4.92e+01;2;149;0.34;SHK-2022040304;2022-03-31;<=00:45:03;90;sun;2022-03-31;11:15:03;2.99e-03;90;north;2022-03-31;00:34:00;0.34;347;;2022-03-30;17:50:00;20;sun;2022-03-30;20:50:00;1.83e+02;20;south;2022-03-30;17:45:00;0.34;315;;2022-03-30;17:45:00;10;sun;2022-03-31;05:45:00;2.66e+00;10;north;2022-03-30;17:42:00;0.34;315;;4.61e+02
SEP-C25-0026;Magnetic alignment of STA and BepiColombo;2022-04-02;12:56:00;12;85;M3.9;;SOLO, STEREO-A, Wind, GB;13:37;15:06;16-0.75;13:23;13:38;25-180;NRH;RSTN;CME-0026a;https://solar-mach.streamlit.app/?embedded=true&date=20220402&time=1330&carr_long=85&carr_lat=12&reference_sys=0&reference_vsw=400&plot_reference=1&bodies=STEREO+A&bodies=BepiColombo&bodies=Parker+Solar+Probe&bodies=Solar+Orbiter&bodies=L1&speeds=400&speeds=400&speeds=400&speeds=400&speeds=400&;;;;;;;;;;;;;;;;;;;;;;;;;;;;;;;;;;;;;;;;;;;;;;;;-6;16;0.99;WIND-2022040622;2022-04-02;14:08:27;5;;2022-04-02;15:15:57;3.33e-01;10;;2022-04-02;13:33:00;1.07;546;Data gap during onset. Upper limit provided;2022-04-02;13:40:30;1;7;2022-04-02;13:55:00;4.49e+04;10;7;2022-04-02;13:24:00;1.07;575;;2022-04-02;<13:50:00;10;;2022-04-02;14:26:00;1.78e+01;10;;2022-04-02;13:41:00;1.07;544;Onset during data gap. Upper limit for onset given;1.67e+02;3;142;0.73;;;;;;;;;;;;;;;;;;;;;;;;;;;;;;;;;;;;;;;;;;;No event, data gaps;;-7;343;0.97;;2022-04-02;14:45:00;10;;2022-04-02;20:45:00;3.88e-02;10;;2022-04-02;14:09:00;1.12;395;;2022-04-02;14:05:00;2;asun;2022-04-02;15:45:00;1.91e+03;10;north;2022-04-02;13:48:00;1.11;401;;2022-04-02;14:05:00;10;;2022-04-02;17:45:00;7.66e-01;;;2022-04-02;13:55:00;1.11;401;;3.12e+01;3;125;0.36;SHK-2022040304;2022-04-02;16:30:03;60;sun;2022-04-03;00:30:03;6.56e-03;60;sun;2022-04-02;16:18:00;0.36;559;Gradual increase;2022-04-02;15:25:00;50;sun;2022-04-02;22:05:00;4.82e+02;50;asun;2022-04-02;15:20:00;0.36;580;;2022-04-02;~14:30:00;60;sun;2022-04-02;20:30:00;2.67e+00;60;north;2022-04-02;14:27:00;0.36;557;Onset determined by eye;8.74e+02
SEP-C25-0027;3-spacecraft event within ~30° longitudinal range. Radial alignment of BepiColombo and Earth;2022-04-11;04:59:00;-14;256;C1.6;;STEREO-A, Wind, GB;05:35;06:10;16-4.5;05:10;05:22;10-90;No;ECALLISTO;CME-0027a;https://solar-mach.streamlit.app/?embedded=true&date=20220411&time=0530&carr_long=256&carr_lat=-14&reference_sys=0&reference_vsw=400&plot_reference=1&bodies=STEREO+A&bodies=BepiColombo&bodies=Parker+Solar+Probe&bodies=Solar+Orbiter&bodies=L1&speeds=400&speeds=400&speeds=400&speeds=400&speeds=400&;-2;260;0.65;;;;;;;;3.39e-03;10;2;;;;;No event;2022-04-11;05:26:30;1;0;2022-04-11;06:05:00;4.82e+02;10;1;2022-04-11;05:16:00;0.70;;;;;;;;;6.32e-01;10;1;;;;;No event;;-6;262;0.99;WIND-2022041210;2022-04-11;<=07:03:27;25;;2022-04-11;14:08:27;4.57e-04;25;;2022-04-11;06:28:00;1.07;561;Small event with data gap in decay phase;2022-04-11;05:35:00;10;7;2022-04-11;07:05:00;2.57e+02;10;7;2022-04-11;05:19:00;1.08;541;;2022-04-11;05:16:00;30;;2022-04-11;07:46:00;4.60e-02;30;;2022-04-11;05:07:00;1.07;556;;;4;24;0.76;;;;;;;;;;;;;;;;;;;;;;;;;;;;;No event;;;;;;;;;;;;;;No event, data gaps;;-7;229;0.97;STEREO-2022041223;2022-04-11;08:10:00;10;;2022-04-11;12:35:00;1.72e-03;10;;2022-04-11;07:34:00;1.11;404;Small event;2022-04-11;05:43:30;3;asun;2022-04-11;10:15:00;3.59e+02;10;sun;2022-04-11;05:27:00;1.10;425;;;;;;;;;;;;;;;No event;;4;40;0.45;;;;;;;;1.35e-04;60;sun;;;;;No event;;;;;;;;;;;;;;No event. Period of ion contamination;;;;;;;3.48e-01;10;north;;;;;No event;
SEP-C25-0028;Widespread event. Radial alignment of BepiColombo and Earth;2022-04-20;03:41:00;-34;230;X2.2;;PSP, Wind, GB;03:45;04:33;20-3.5;03:55;04:03;25-180;No;RSTN;CME-0028a;https://solar-mach.streamlit.app/?embedded=true&date=20220420&time=0430&carr_long=230&carr_lat=-34&reference_sys=0&reference_vsw=400&plot_reference=1&bodies=STEREO+A&bodies=BepiColombo&bodies=Parker+Solar+Probe&bodies=Solar+Orbiter&bodies=L1&speeds=400&speeds=400&speeds=400&speeds=400&speeds=400&;-3;146;0.68;;;;;;;;3.83e-03;60;2;;;;;No event, probably due to data gap;2022-04-20;04:36:30;1;0;;;;;;2022-04-20;04:26:00;0.73;;;2022-04-20;~04:36:00;4;;;;;;;2022-04-20;04:30:00;0.73;;Onset determination by eye. Data gap during rise phase masking peak;;-5;144;0.99;;2022-04-20;>=04:23:48;30;;2022-04-20;10:23:48;6.09e-04;30;;2022-04-20;03:46:00;1.15;405;Small event;2022-04-20;04:30:00;20;0;2022-04-20;07:50:00;5.41e+03;20;0;2022-04-20;04:13:00;1.15;402;;2022-04-20;04:15:00;2;;2022-04-20;06:45:00;3.65e+00;10;;2022-04-20;04:05:00;1.15;405;;1.80e+04;4;262;0.75;;;;;;;;;;;;;;;;;;;;;;;;;;;;;No event;;;;;;;;;;;;;;No event, data gaps;;-7;112;0.97;STEREO-2022042306;;;;;;;5.67e-04;10;;;;;;No event;;;;;;;;;;;;;;No event. Period of ion contamination;;;;;2022-04-20;15:30:00;4.60e-02;60;;;;;;Event too small to determine onset;;4;297;0.57;;;;;;2022-04-20;04:45:01;5.15e-04;150;south;;;;;Event too small to determine onset;2022-04-20;<=04:55:01;10;asun;2022-04-20;>=10:45:01;>=6.11e+02;10;asun;2022-04-20;04:46:00;0.59;;Particles from anti-sun direction. Onset during period of ion contamination. Data gap probably masking real peak;2022-04-20;<=04:45:00;10;asun;2022-04-20;10:15:00;3.19e+00;10;north;2022-04-20;04:40:00;0.59;;Particles from anti-sun direction. Data gap probably masking real peak;
SEP-C25-0029;4-spacecraft event;2022-05-11;18:08:00;-17;308;M2.7;;PSP, STEREO-A, Wind, GB;18:33;19:30;20-5.7;18:24;19:17;25-151;No;RSTN;CME-0029a,CME-0029b,CME-0029c,CME-0029d,CME-0029e;https://solar-mach.streamlit.app/?embedded=true&date=20220511&time=1830&carr_long=308&carr_lat=-17&reference_sys=0&reference_vsw=400&plot_reference=1&bodies=STEREO+A&bodies=BepiColombo&bodies=Parker+Solar+Probe&bodies=Solar+Orbiter&bodies=L1&speeds=400&speeds=400&speeds=400&speeds=400&speeds=400&;-3;230;0.68;;2022-05-11;19:25:30;3;1;2022-05-11;21:15:00;1.68e-01;10;2;2022-05-11;19:03:00;0.72;;;2022-05-11;18:51:30;1;0;2022-05-11;19:55:00;2.22e+04;10;1;2022-05-11;18:41:00;0.72;;;2022-05-11;18:56:30;1;1;2022-05-11;19:25:00;1.17e+01;10;1;2022-05-11;18:50:00;0.72;;;2.62e+02;-3;218;1;;2022-05-11;19:58:03;2;;2022-05-11;22:16:03;5.19e-02;10;;2022-05-11;19:17:00;1.25;312;;2022-05-11;18:55:04;10;5;2022-05-11;21:15:04;3.65e+03;10;1;2022-05-11;18:36:00;1.28;296;;2022-05-11;18:57:00;2;;2022-05-11;22:05:00;5.69e-01;10;;2022-05-11;18:47:00;1.24;322;;1.27e+02;4;331;0.59;;2022-05-11;<=20:35:31;50;B;2022-05-12;00:45:31;1.79e-03;50;B;2022-05-11;20:15:00;0.63;338;Gradual increase, PSP not in nominal orientation;;;;;;;;;;;;;;No event. PSP not in nominal orientation;2022-05-11;20:45:00;30;B;2022-05-11;23:15:00;3.80e-01;30;B;2022-05-11;20:40:00;0.64;337;Small event with gradual increase. PSP not in nominal orientation;2.12e+02;-6;188;0.96;STEREO-2022051320;2022-05-11;21:22:30;15;;2022-05-12;00:52:30;4.43e-03;15;;2022-05-11;20:46:00;1.13;365;Small event;2022-05-11;<=19:30:00;20;north;2022-05-11;22:10:00;1.69e+03;20;south;2022-05-11;19:13:00;1.14;355;;2022-05-11;~19:15:00;10;;2022-05-11;22:15:00;8.52e-02;10;;2022-05-11;19:05:00;1.15;347;Gradual increase. Onset determined by eye;4.70e+01;3;23;0.79;SHK-2022051322;;;;;;;1.87e-04;60;sun;;;;;No event;;;;;;;;;;;;;;No event. Period of ion contamination;;;;;2022-05-11;05:05:00;4.31e-01;10;north;;;;;No event;
SEP-C25-0030;3-spacecraft event, observers similarly spaced in longitude;2022-07-09;13:29:00;-22;248;C8.5;;PSP, Wind, GB;13:53;14:12;20-4.25;13:50;14:22;25-82;NRH;RSTN;CME-0030a,CME-0030b,CME-0030c,CME-0030d;https://solar-mach.streamlit.app/?embedded=true&date=20220709&time=1330&coord_sys=0&long_offset=270&reference_long=248&reference_lat=-22&reference_vsw=400&plot_reference=1&bodies=STEREO+A&bodies=BepiColombo&bodies=Parker+Solar+Probe&bodies=Solar+Orbiter&bodies=L1&speeds=400&speeds=400&speeds=400&speeds=400&speeds=400&;;;;;;;;;;;;;;;;;;;;;;;;;;;;;;;;;;;;;;;;;;;;;;;;4;160;1.01;WIND-2022071115;2022-07-09;14:45:37;2;;2022-07-09;15:25:37;1.36e-01;10;;2022-07-09;14:06:00;1.21;353;;2022-07-09;13:45:00;10;0;2022-07-09;14:45:00;4.23e+03;10;0;2022-07-09;13:27:00;1.20;361;;2022-07-09;14:06:00;10;;2022-07-09;15:36:00;2.36e-01;10;;2022-07-09;13:56:00;1.21;354;;1.22e+01;3;193;0.74;;2022-07-09;>=14:19:32;2;A;2022-07-09;15:05:32;2.66e-01;10;A;2022-07-09;13:53:00;0.80;411;PSP not in nominal orientation during peak;2022-07-09;13:49:47;1;3 (sun);2022-07-09;14:55:00;4.70e+03;10;7 (asun);2022-07-09;13:38:00;0.80;408;PSP not in nominal orientation during peak;2022-07-09;13:55:00;10;A;2022-07-09;14:25:00;3.62e+00;10;A;2022-07-09;13:48:00;0.80;410;;1.36e+01;1;136;0.96;STEREO-2022071016;2022-07-09;14:55:00;10;;2022-07-09;17:25:00;4.73e-03;10;;2022-07-09;14:19:00;1.11;382;Small event;2022-07-09;14:15:00;10;;2022-07-09;15:55:00;3.69e+02;10;;2022-07-09;13:59:00;1.10;404;Period of ion contamination during decay phase;;;;;2022-07-09;15:55:00;4.45e-02;10;;;;;;Event too small to determine onset;;0;315;1.01;;;;;;;;3.48e-04;;south;;;;;No event;;;;;;;2.83e+01;80;asun;;;;;No event;;;;;2022-07-10;19:45:00;1.91e-01;10;south;;;;;No event;2.81e+03
SEP-C25-0031;3-spacecraft event, observers closely spaced in longitude (<50°);2022-08-27;01:52:00;-19;297;M4.8;;SOLO, STEREO-A, Wind, GB;02:55;10:00;7-0.2;02:12;02:14;25-60;No;RSTN. PSP data unavailable;CME-0031a,CME-0031b,CME-0031c,CME-0031d;https://solar-mach.streamlit.app/?embedded=true&date=20220827&time=0200&coord_sys=0&long_offset=270&reference_long=297&reference_lat=-19&reference_vsw=400&plot_reference=1&bodies=STEREO+A&bodies=BepiColombo&bodies=Parker+Solar+Probe&bodies=Solar+Orbiter&bodies=L1&speeds=400&speeds=400&speeds=400&speeds=400&speeds=400&;;;;;;;;;;;;;;;;;;;;;;;;;;;;;;;;;;;;;;;;;;;;;;;;7;239;1;WIND-2022082902;2022-08-27;04:35:35;10;;2022-08-27;07:35:35;2.51e-03;10;;2022-08-27;03:55:00;1.23;324;;2022-08-27;03:35:00;10;5;2022-08-27;04:45:00;5.34e+02;10;6;2022-08-27;03:16:00;1.26;309;Gradual increase, 2nd event on top of decay phase;2022-08-27;03:32:00;60;;2022-08-27;05:32:00;4.73e-02;60;;2022-08-27;03:22:00;1.24;321;Real peak potentially masked by 2nd increase on top;7.52e+02;4;265;0.39;;2022-08-27;02:31:32;2;A;2022-08-27;08:55:32;3.67e-01;10;A;2022-08-27;02:18:00;0.41;277;2nd event on top of decay phase. PSP not in nominal orientation during peak;2022-08-27;02:25:30;2;3 (sun);2022-08-27;>=05:45:00;>=2.09e+04;10;3 (sun);2022-08-27;02:19:00;0.41;277;Real peak could be later inside data gap. PSP not in nominal orientation during peak;2022-08-27;02:17:30;5;A;2022-08-27;05:25:00;9.98e+00;10;A;2022-08-27;02:14:00;0.41;277;PSP not in nominal orientation during peak;2.72e+01;6;218;0.96;STEREO-2022082818;2022-08-27;05:15:00;10;;2022-08-27;13:05:00;1.53e-03;10;;2022-08-27;04:40:00;1.07;444;Small event;2022-08-27;<=03:40:00;40;sun;2022-08-27;07:00:00;2.51e+02;40;asun;2022-08-27;03:24:00;1.07;456;;;;;;;;2.35e-02;60;;;;;;Event too small to determine onset;;-3;26;0.79;SHK-2022083013,SHK-2022083121;;;;;;;8.89e-05;60;sun;;;;;No event;;;;;;;;;;;;;;No event. Period of ion contamination;;;;;;;3.99e+01;10;north;;;;;No event;
SEP-C25-0032;2-spacecraft event, PSP very close to the Sun (0.07 AU);2022-09-05;15:27:59;-31;298;M8.7;Flare is behind the limb as seen from Earth, flare location determined using SOLO/STIX;SOLO, PSP, STEREO-A;16:10;18:55;20-0.5;;;;No;;CME-0032a;https://solar-mach.streamlit.app/?embedded=true&date=20220905&time=1530&coord_sys=0&plot_spirals=1&plot_sun_body_line=1&plot_trans=0&plot_nr=0&long_offset=270&reference_long=298&reference_lat=-31&reference_vsw=400&plot_reference=1&bodies=STEREO+A&bodies=BepiColombo&bodies=Parker+Solar+Probe&bodies=Solar+Orbiter&bodies=L1&speeds=400&speeds=400&speeds=400&speeds=400&speeds=400&;-3;13;0.63;;2022-09-06;<=09:21:00;30;1;2022-09-07;00:21:00;9.71e-02;30;1;2022-09-06;09:01:00;0.67;;Gradual increase. Peak masked by new event on 7 Sep;;;;;;;;;;;;;;Increase too gradual to determine onset.  Peak potentially masked by following event;2022-09-05;~19:00:00;60;1;;;;;;2022-09-05;18:54:00;0.67;;Onset determined by eye. Very gradual increase. Peak masked by later event;;7;112;1;;2022-09-07;05:01:19;120;;2022-09-09;11:01:19;3.06e-03;120;;2022-09-07;04:26:00;1.07;609;Very gradual increase. Peak masked by new event on 7 Sep;;;;;;;;;;;;;;Increase too gradual to determine onset. Peak potentially masked by following event;2022-09-06;~12:00:00;120;;2022-09-12;11:18:00;7.00e+00;120;;2022-09-06;11:51:00;1.07;591;Onset determined by eye. Very gradual increase. Possible mixing with later event;;-2;228;0.07;;2022-09-05;17:00:00;60;A;2022-09-05;>=18:30:32;>=2.33e-01;60;A;2022-09-05;16:58:00;0.07;;Onset determined by eye. Real peak potentially masked by data gap;2022-09-05;16:51:00;2;3 (sun);2022-09-05;>=17:25:00;>=1.34e+06;10;3 (sun);2022-09-05;16:50:00;0.07;;Real peak masked due to data gap;2022-09-05;17:05:00;10;A;2022-09-05;>=18:05:00;<=1.04e+02;10;A;2022-09-05;17:04:00;0.07;;Data gap potentially masking real peak;4.44e+02;7;93;0.96;STEREO-2022090802;2022-09-06;11:25:00;10;;;;;;;2022-09-06;10:52:00;1.03;549;Very gradual increase. Peak masked by new event on 7 Sep;2022-09-06;<=09:00:00;120;sun;2022-09-13;19:00:00;1.07e+04;120;sun;2022-09-06;08:45:00;1.03;554;Very gradual increase. Possible mixing with later event;2022-09-07;<=10:00:47;240;;2022-09-12;02:00:47;6.04e-01;240;;2022-09-07;09:52:00;1.05;495;Very gradual increase. Possible mixing with later event;;-3;262;0.7;SHK-2022090610,SHK-2022090804,SHK-2022090821;2022-09-05;16:29:31;1;sun;2022-09-05;>=18:35:01;>=1.53e+01;10;sun;2022-09-05;16:06:00;0.73;521;Data gap potentially masking real peak;2022-09-05;16:15:00;10;sun;2022-09-06;11:35:00;3.14e+06;10;sun;2022-09-05;16:04:00;0.73;521;;2022-09-05;16:17:00;5;sun;2022-09-05;>=16:55:00;>=6.43e+02;10;north;2022-09-05;16:11:00;0.73;521;Data gap after peak, potentially masking real peak;1.99e-01
SEP-C25-0033;3-spacecraft event;2022-09-24;16:59:00;-23;151;C7.2;Later C6.1 flare candidate at 18:41 located at long/lat 190/-23;;;;;;;;No;;CME-0033a,CME-0033b,CME-0033c;https://solar-mach.streamlit.app/?embedded=true&date=20220924&time=1845&coord_sys=0&plot_spirals=1&plot_sun_body_line=1&plot_trans=0&plot_markers=Numbers&long_offset=270&reference_long=151&reference_lat=-23&reference_vsw=400&plot_reference=1&bodies=STEREO+A&bodies=BepiColombo&bodies=Parker+Solar+Probe&bodies=Solar+Orbiter&bodies=L1&speeds=400&speeds=400&speeds=400&speeds=400&speeds=400&;-3;134;0.57;;2022-09-24;<=18:51:00;10;2;2022-09-24;21:01:00;1.50e-01;10;;2022-09-24;18:33:00;0.60;;Onset on top of increased flux period;2022-09-24;<=18:45:00;10;2;2022-09-24;18:55:00;1.71e+04;10;1;2022-09-24;18:36:00;0.60;;;;;;;2022-09-24;18:55:00;8.72e+00;10;1;;;;;Onset masked by previous event;2.15e+02;7;220;0.99;;;;;;2022-09-26;08:16:03;2.67e-02;10;;;;;;Data gaps and very gradual increase. Unable to determine onset;;;;;;;7.83e+02;60;0;;;;;No event;;;;;;;2.30e-01;10;;;;;;No event;;3;163;0.55;;2022-09-24;<=18:55:32;10;A;2022-09-24;19:25:32;3.63e-01;10;A;2022-09-24;18:37:00;0.58;;Onset during data gap, upper limit provided. PSP not in nominal orientation;;;;;2022-09-24;19:15:00;4.84e+04;10;7 (asun);;;;;No onset due to data gap. PSP not in nominal orientation;;;;;2022-09-24;19:15:00;5.77e+01;10;B;;;;;No onset due to data gap. Real peak potentially masked by data gap. PSP not in nominal orientation;1.59e+02;7;202;0.96;STEREO-2022092713;2022-09-24;20:25:00;10;;2022-09-25;22:25:00;4.13e-02;10;;2022-09-24;19:49:00;1.13;364;Gradual increase;2022-09-24;~19:00:00;30;;2022-09-25;22:15:00;1.22e+04;30;sun;2022-09-24;18:43:00;1.14;353;Very graudal increase. Onset determined by eye;2022-09-24;19:55:00;10;;2022-09-25;22:15:00;1.02e+00;10;;2022-09-24;19:45:00;1.13;364;Gradual increase;2.62e+01;-7;27;0.47;;;;;;;;1.44e-04;60;sun;;;;;No event;;;;;;;1.79e+02;60;sun;;;;;No event;;;;;;;;;;;;;;No event;
SEP-C25-0034;2-spacecraft, narrow-spread event;2022-10-02;19:53:00;17;163;X1.0;;PSP, STEREO-A, Wind, GB;20:26;20:38;3-1;20:24;20:28;25-180;No;RSTN;CME-0034a,CME-0034b,CME-0034c,CME-0034d;https://solar-mach.streamlit.app/?embedded=true&date=20221002&time=2000&coord_sys=0&long_offset=270&reference_long=163&reference_lat=17&reference_vsw=400&plot_reference=1&bodies=STEREO+A&bodies=BepiColombo&bodies=Parker+Solar+Probe&bodies=Solar+Orbiter&bodies=L1&speeds=400&speeds=400&speeds=400&speeds=400&speeds=400&;-2;37;0.51;;;;;;;;3.25e-03;10;2;;;;;No event;;;;;;;2.30e+02;60;0;;;;;No event;;;;;;;4.52e-01;60;0;;;;;No event;;7;114;0.99;WIND-2022100317,WIND-2022100516;2022-10-02;21:30:00;10;;2022-10-03;00:35:55;2.54e-03;10;;2022-10-02;20:55:00;1.08;546;Onset determined by eye;2022-10-02;20:45:00;10;0;2022-10-02;21:05:00;8.72e+04;10;0;2022-10-02;20:29:00;1.08;558;;2022-10-02;<=20:42:00;3;;2022-10-02;>=22:26:32;3.92e+00;10;;2022-10-02;20:33:00;1.07;549;;;3;56;0.65;;;;;;;;2.38e-04;60;A;;;;;No event, data gaps;;;;;;;;;;;;;;No event;;;;;;;;;;;;;;No event;;7;96;0.96;STEREO-2022100506;2022-10-02;21:55:00;10;;2022-10-02;23:45:00;3.61e-03;10;;2022-10-02;21:21:00;1.04;519;;2022-10-02;20:48:00;5;sun;2022-10-02;22:15:00;1.91e+04;10;north;2022-10-02;20:32:00;1.05;516;;2022-10-02;~21:00:00;10;;2022-10-02;23:35:00;5.25e-01;10;;2022-10-02;20:51:00;1.05;514;Onset determined by eye;;-8;304;0.37;;;;;;;;1.45e-04;60;sun;;;;;No event;;;;;;;;;;;;;;;;;;;;;;;;;;;;No event;
SEP-C25-0035;3-spacecraft event;2023-01-12;;;;;Earlier M1.1 flare candidate observed at 19:03 at lon/lat 223/-17;;;;;;;;;;CME-0035a,CME-0035b,CME-0035c;https://solar-mach.streamlit.app/?embedded=true&date=20230112&time=1915&coord_sys=0&plot_spirals=1&plot_sun_body_line=1&plot_trans=0&plot_markers=Squares&long_offset=270&bodies=STEREO+A&bodies=Earth&bodies=BepiColombo&bodies=Parker+Solar+Probe&bodies=Solar+Orbiter&speeds=400&speeds=400&speeds=400&speeds=400&speeds=400&;-3;1;0.6;;;;;;;;2.44e-03;10;2;;;;;No event;;;;;;;1.25e+01;60;2;;;;;No event;;;;;;;4.83e-01;60;2;;;;;No event;;-4;209;0.97;WIND-2023011721;2023-01-12;<=23:49:35;1;;2023-01-13;04:36:05;4.13e-02;10;;2023-01-12;23:12:00;1.13;388;;2023-01-12;~23:00:00;60;0;2023-01-13;>=02:16:00;1.08e+03;30;7;2023-01-12;22:43:00;1.13;392;Onset determined by eye;2023-01-12;<=23:24:00;15;;2023-01-13;02:39:00;7.85e-02;15;;2023-01-12;23:14:00;1.13;395;;8.70e+00;3;54;0.7;;;;;;;;;;;;;;;Data gaps;;;;;;;;;;;;;;No event;;;;;;;;;;;;;;Data gap. No event;;-3;196;0.97;;2023-01-13;00:30:42;20;;2023-01-13;15:50:42;2.65e-03;20;;2023-01-12;23:57:00;1.04;555;;2023-01-13;~00:15:00;30;asun;2023-01-13;>=08:15:42;1.36e+02;30;sun;2023-01-12;23:59:00;1.04;574;Gradual increase, onset determined by eye;;;;;;;1.80e-02;60;;;;;;No event;;3;185;0.95;SHK-2023011301;2023-01-12;23:45:01;30;sun;2023-01-13;06:15:01;2.44e-03;30;sun;2023-01-12;23:10:00;1.07;445;;2023-01-12;~23:15:00;30;sun;2023-01-13;18:15:00;4.62e+02;30;south;2023-01-12;22:59:00;1.06;455;Gradual increase, onset determined by eye;;;;;2023-01-13;04:25:00;3.41e-01;10;north;;;;;Event too small to determine onset;
SEP-C25-0036;Widespread event;2023-02-17;19:38:00;25;28;X2.3;;SOLO, PSP, STEREO-A, Wind, GB;20:21;22:21;20-1.1;19:57;20:36;25-180;No;RSTN;CME-0036a;https://solar-mach.streamlit.app/?embedded=true&date=20230217&time=2015&coord_sys=0&plot_spirals=1&plot_sun_body_line=1&plot_trans=0&plot_nr=0&long_offset=270&reference_long=28&reference_lat=25&reference_vsw=400&plot_reference=1&bodies=STEREO+A&bodies=Earth&bodies=BepiColombo&bodies=Parker+Solar+Probe&bodies=Solar+Orbiter&speeds=400&speeds=400&speeds=400&speeds=400&speeds=400&;2;316;0.34;;2023-02-17;22:50:00;20;;2023-02-18;14:30:00;1.39e-02;20;2;2023-02-17;22:40:00;0.34;;;2023-02-17;20:57:00;5;0;2023-02-17;>=23:55:00;7.68e+02;10;2;2023-02-17;20:52:00;0.34;;;2023-02-17;21:15:00;10;0;2023-02-18;00:15:00;4.43e+00;10;2;2023-02-17;21:12:00;0.34;;;1.00e+03;-7;95;0.98;WIND-2023022009;2023-02-18;<=02:45:33;30;;2023-02-18;23:15:33;1.07e-03;30;;2023-02-18;02:08:00;1.13;392;Gradual increase;;;;;;;2.36e+02;60;0;;;;;No event;;;;;2023-02-18;16:32:00;3.76e-02;60;;;;;;Event too small to determine onset;;4;285;0.67;;;;;;;;;;;;;;;;2023-02-17;<=21:30:00;60;sun;2023-02-18;07:30:00;1.09e+00;60;sun;2023-02-17;21:19:00;0.74;338;Very small event. Onset determined by eye;;;;;;;;;;;;;;;;-6;82;0.97;STEREO-2023022000;2023-02-18;04:30:41;60;;2023-02-19;06:30:41;1.84e-03;60;;2023-02-18;03:54:00;1.12;384;Gradual increase;;;;;;;9.24e+01;60;sun;;;;;No event;;;;;;;1.67e-02;60;;;;;;No event;;-1;62;0.83;SHK-2023021909,SHK-2023022022,SHK-2023022103,SHK-2023022116;2023-02-17;20:52:31;15;asun;2023-02-18;03:22:31;2.58e-02;15;south;2023-02-17;20:23:00;0.90;458;;2023-02-17;<=20:37:00;25;asun;2023-02-18;01:12:00;1.06e+03;25;south;2023-02-17;20:24:00;0.89;466;Event during decay phase of previous event. Real onset could be earlier;2023-02-17;20:30:00;20;north;2023-02-18;00:30:00;3.60e+00;20;south;2023-02-17;20:22:00;0.89;470;;1.98e+02
SEP-C25-0037;4-spacecraft event;2023-02-24;20:03:00;29;27;M3.7;;GB;;;;20:21;20:40;20-80;No;ECALLISTO;CME-0037a,CME-0037b,CME-0037c;https://solar-mach.streamlit.app/?embedded=true&date=20230224&time=2000&coord_sys=0&plot_spirals=1&plot_sun_body_line=1&plot_trans=0&plot_markers=Squares&long_offset=270&reference_long=27&reference_lat=20&reference_vsw=400&plot_reference=1&bodies=STEREO+A&bodies=Earth&bodies=BepiColombo&bodies=Parker+Solar+Probe&bodies=Solar+Orbiter&speeds=400&speeds=400&speeds=400&speeds=400&speeds=400&;3;261;0.31;;;;;;;;2.32e-03;10;2;;;;;No event;2023-02-24;~22:00:00;30;2;2023-02-25;03:45:00;1.56e+02;30;1;2023-02-24;21:55:00;0.31;;Onset during decay phase of previous event. Onset determined by eye;;;;;;;7.38e-01;60;2;;;;;No event;;-7;4;0.98;WIND-2023022618;2023-02-24;21:12:10;1;;2023-02-25;00:05:40;5.53e-02;10;;2023-02-24;20:36:00;1.11;429;;2023-02-24;~20:40:00;10;0;;;;;;2023-02-24;20:23:00;1.10;450;Data gaps masking peak. Onset determined by eye;2023-02-24;20:38:00;5;;2023-02-24;21:56:00;6.36e-01;10;;2023-02-24;20:29:00;1.11;432;;4.07e+01;4;193;0.59;;;;;;;;;;;;;;;;;;;;;;;;;;;;;No event, potentially masked by previous event. PSP not in nominal orientation;;;;;;;;;;;;;;No event;;-7;351;0.97;STEREO-2023022614;2023-02-24;>=21:38:11;1;;2023-02-24;22:45:41;1.09e-01;10;;2023-02-24;21:01:00;1.15;356;;2023-02-24;20:45:00;10;south;2023-02-24;21:25:00;2.90e+03;10;asun;2023-02-24;20:28:00;1.15;352;;2023-02-24;21:03:00;5;;2023-02-24;22:15:00;3.82e-01;10;;2023-02-24;20:53:00;1.15;353;;5.44e+00;-2;332;0.77;;2023-02-24;>=20:55:32;1;;2023-02-24;22:05:02;1.16e+00;10;;2023-02-24;20:30:00;0.80;664;;2023-02-24;20:25:00;10;sun;2023-02-24;21:05:00;5.95e+04;10;sun;2023-02-24;20:13:00;0.80;676;;2023-02-24;20:27:00;5;sun;2023-02-24;21:15:00;5.52e+02;10;north;2023-02-24;20:20:00;0.80;676;;1.60e+02
SEP-C25-0038;3-spacecraft event;2023-02-25;18:40:00;24;35;M6.4;;STEREO-A, GB;19:25;23:00;16-0.2;19:23;19:37;25-75;No;RSTN. Wind data unavailable;CME-0038a,CME-0038b;https://solar-mach.streamlit.app/?embedded=true&date=20230225&time=1945&coord_sys=0&plot_spirals=1&plot_sun_body_line=1&plot_trans=0&plot_nr=0&long_offset=270&reference_long=35&reference_lat=24&reference_vsw=400&plot_reference=1&bodies=STEREO+A&bodies=Earth&bodies=BepiColombo&bodies=Parker+Solar+Probe&bodies=Solar+Orbiter&speeds=400&speeds=400&speeds=400&speeds=400&speeds=400&;3;252;0.31;;;;;;;;4.18e-03;10;2;;;;;No event, possibly due to data gap;;;;;;;1.04e+02;60;2;;;;;No event, possibly due to data gap;;;;;;;7.21e-01;60;2;;;;;No event, possibly due to data gap;;-7;350;0.98;WIND-2023022618;2023-02-25;21:00:03;1;;2023-02-26;00:05:33;5.97e-01;10;;2023-02-25;20:23:00;1.12;424;Onset occurs during decay of previous event. Real onset could be earlier;;;;;;;;;;;;;;Data gap;2023-02-25;19:58:00;5;;2023-02-25;21:46:00;3.02e+01;10;;2023-02-25;19:48:00;1.14;388;;2.21e+02;4;178;0.57;;;;;;;;;;;;;;;;;;;;;;;;;;;;;No event;;;;;;;;;;;;;;No event;;-7;337;0.97;STEREO-2023022818;2023-02-25;20:20:10;1;;2023-02-25;22:15:40;1.77e+00;10;;2023-02-25;19:46:00;1.04;570;Onset occurs during decay of previous event. Real onset could be earlier;2023-02-25;19:45:00;10;south;2023-02-25;22:15:00;5.51e+04;10;sun;2023-02-25;19:29:00;1.04;570;;2023-02-25;20:03:00;5;;2023-02-25;22:15:00;3.03e+01;10;;2023-02-25;19:54:00;1.04;570;;2.30e+01;-2;317;0.76;;2023-02-25;21:04:33;3;sun;2023-02-25;23:35:03;2.00e-01;10;sun;2023-02-25;20:39:00;0.79;600;Onset occurs during decay of previous event. Real onset could be earlier;2023-02-25;19:45:00;30;sun;2023-02-25;22:15:00;1.92e+04;30;sun;2023-02-25;19:33:00;0.79;620;Event during decay phase of previous event. Real onset could be earlier;2023-02-25;<=20:05:00;10;sun;2023-02-25;22:35:00;1.16e+02;10;north;2023-02-25;19:58:00;0.79;619;Onset in decay phase of previous event. Real onset could be earlier;2.12e+02
SEP-C25-0039;3-spacecraft event;2023-03-09;;;;;;PSP;13:11;13:25;11-2.6;;;;;;CME-0039a;https://solar-mach.streamlit.app/?embedded=true&date=20230309&time=1600&coord_sys=0&plot_spirals=1&plot_sun_body_line=1&plot_trans=0&plot_markers=Squares&long_offset=270&bodies=STEREO+A&bodies=Earth&bodies=BepiColombo&bodies=Parker+Solar+Probe&bodies=Solar+Orbiter&bodies=L1&speeds=400&speeds=400&speeds=400&speeds=400&speeds=400&speeds=400&;1;153;0.37;;;;;;;;;;;;;;;No event;;;;;;;1.55e+01;60;1;;;;;No event;;;;;;;4.44e-01;60;2;;;;;No event;;-7;194;0.98;WIND-2023031404;;17:46:02;30;;2023-03-10;00:46:02;4.24e-04;30;;;;;;;2023-03-09;~14:30:00;60;7;2023-03-09;19:30:00;1.13e+02;60;7;2023-03-09;14:13:00;1.13;411;Onset determined by eye;2023-03-09;~14:45:00;30;;2023-03-09;22:16:00;7.53e-02;30;;2023-03-09;14:36:00;1.12;426;Onset determined by eye;1.60e+03;4;30;0.34;;2023-03-09;15:45:34;30;A;2023-03-10;07:45:34;1.66e-02;30;A;2023-03-09;15:34:00;0.35;275;PSP not in nominal orientation;;;;;;;;;;;;;;Period of potential ion contamination. PSP not in nominal orientation;2023-03-09;15:10:00;20;A;2023-03-10;10:55:00;1.24e+01;20;B;2023-03-09;15:07:00;0.35;286;Peak potentially masked by later event. PSP not in nominal orientation;7.47e+02;-7;181;0.97;STEREO-2023030919;;;;;;;3.14e-05;120;;;;;;No event;2023-03-09;~14:30:00;60;asun;2023-03-09;22:30:00;5.99e+01;60;asun;2023-03-09;14:13:00;1.14;370;Onset determined by eye;2023-03-09;~15:30:00;60;;2023-03-09;22:30:00;3.23e-02;60;;2023-03-09;15:20:00;1.16;343;Onset determined by eye;;-4;165;0.65;;;;;;;;6.43e-05;120;sun;;;;;No event;;;;;;;2.68e+01;60;asun;;;;;Event too small to determine onset;2023-03-09;~16:30:00;60;asun;2023-03-10;04:30:00;2.38e-01;60;north;2023-03-09;16:24:00;0.70;359;Very small and gradual event. Onset determined by eye;1.03e+04
SEP-C25-0040;Widespread event. PSP very close to the Sun (0.23 AU);2023-03-13;;;;;;SOLO, PSP, STEREO-A, Wind, GB;03:10;09:40;20-0.2;03:20;03:29;45-111;No;RSTN;CME-0040a,CME-0040b,CME-0040c,CME-0040d;https://solar-mach.streamlit.app/?embedded=true&date=20230313&time=0315&coord_sys=0&plot_spirals=1&plot_sun_body_line=1&plot_trans=0&plot_markers=Squares&long_offset=270&bodies=STEREO+A&bodies=Earth&bodies=BepiColombo&bodies=Parker+Solar+Probe&bodies=Solar+Orbiter&speeds=400&speeds=400&speeds=400&speeds=400&speeds=400&;0;119;0.4;;;;;;;;;;;;;;;No event;;;;;;;;;;;;;;Period of potential ion contamination;2023-03-13;~12:30:00;60;1;2023-03-13;21:30:00;1.16e+00;60;2;2023-03-13;12:26:00;0.41;;Very small event. Onset determined by eye. Event keeps rising very gradually beyond the peak;;-7;148;0.98;WIND-2023031404,WIND-2023031504;2023-03-13;05:15:39;10;;2023-03-13;14:35:39;2.14e-01;10;;2023-03-13;04:37:00;1.17;353;;2023-03-13;04:15:00;10;6;2023-03-13;06:15:00;1.76e+03;10;7;2023-03-13;03:57:00;1.19;343;;2023-03-13;04:16:00;10;;2023-03-13;05:46:00;6.00e-01;10;;2023-03-13;04:06:00;1.17;354;;1.30e+01;3;355;0.23;;2023-03-13;~03:22:00;10;A;2023-03-13;05:55:34;>=2.65e+02;10;A;2023-03-13;03:14:00;0.23;;Data gaps.  Onset determined by eye;2023-03-13;03:07:30;15;3 (sun);2023-03-13;04:52:30;2.60e+06;15;3 (sun);2023-03-13;03:04:00;0.23;;;2023-03-13;03:14:30;1;A;2023-03-13;>=04:15:00;>=7.42e+03;10;A;2023-03-13;03:12:00;0.23;;Data gaps potentially masking real peak;2.80e+01;-7;136;0.97;;2023-03-13;04:45:41;30;;2023-03-13;13:15:41;2.83e-02;30;;2023-03-13;04:08:00;1.18;328;;2023-03-13;04:15:00;10;sun;2023-03-13;05:15:00;4.69e+02;10;north;2023-03-13;03:57:00;1.19;318;Initial peak followed by long-lasting increase;2023-03-13;04:13:00;5;;2023-03-13;05:25:00;2.69e-01;10;;2023-03-13;04:03:00;1.19;318;;1.53e+01;-5;122;0.61;SHK-2023031401;2023-03-13;06:00:05;240;sun;2023-03-17;22:00:05;1.27e-02;240;south;2023-03-13;05:39:00;0.64;;Very small and gradual event;2023-03-13;~05:30:00;60;south;;;;;;2023-03-13;05:20:00;0.64;;Onset determined by eye. Later phase masked by ion contamination;2023-03-13;~05:30:00;60;sun;2023-03-13;13:30:10;4.01e+00;60;north;2023-03-13;05:24:00;0.64;;Onset determined by eye;1.27e+03
SEP-C25-0041;Narrow-spread event;2023-03-30;07:24:00;-22;359;M5.4;;GB;;;;07:36;07:40;25-180;No;RSTN;CME-0041a,CME-0041b,CME-0041c;https://solar-mach.streamlit.app/?embedded=true&date=20230330&time=0730&coord_sys=0&plot_spirals=1&plot_sun_body_line=1&plot_trans=0&plot_nr=0&long_offset=270&reference_long=359&reference_lat=-22&reference_vsw=400&plot_reference=1&bodies=STEREO+A&bodies=Earth&bodies=BepiColombo&bodies=Parker+Solar+Probe&bodies=Solar+Orbiter&speeds=400&speeds=400&speeds=400&speeds=400&speeds=400&;;;;;;;;;;;;;;;;;;;;;;;;;;;;;;;;;;;;;;;;;;;;;;;;-7;282;0.99;;2023-03-30;08:23:53;5;;2023-03-30;09:16:23;1.50e-03;10;;2023-03-30;07:48:00;1.08;515;;2023-03-30;07:46:00;10;7;2023-03-30;08:16:00;1.17e+03;10;7;2023-03-30;07:29:00;1.10;476;;2023-03-30;~07:45:00;30;;2023-03-30;08:47:00;5.53e-02;30;;2023-03-30;07:36:00;1.08;514;Onset determined by eye;;3;29;0.44;;;;;;;;;;;;;;;Large data gaps;;;;;;;;;;;;;;No event;;;;;;;;;;;;;;Large data gaps;;-7;270;0.97;STEREO-2023040210;2023-03-30;~08:10:00;60;;2023-03-30;08:30:40;3.78e-04;60;;2023-03-30;07:36:00;1.04;560;Small event.  Onset determined by eye;2023-03-30;07:43:00;5;sun;2023-03-30;08:05:00;6.71e+02;10;sun;2023-03-30;07:27:00;1.04;558;;;;;;;;2.10e-02;60;;;;;;No event;;-8;286;0.38;;;;;;;;1.45e-04;120;sun;;;;;No event;2023-03-30;~08:00:00;30;sun;2023-03-30;10:15:00;8.01e+01;30;south;2023-03-30;07:54:00;0.38;496;Event on top of decay phase of previous event.  Onset determined by eye;;;;;;;1.58e-01;60;north;;;;;No event;7.32e+03
SEP-C25-0042;2-spacecraft event. STEREO-A and L1 within 10° in longitude;2023-04-21;17:44:00;-23;356;M1.8;;PSP, STEREO-A, Wind, GB;18:13;18:53;20-1.2;17:56;18:21;25-180;No;RSTN;CME-0042;https://solar-mach.streamlit.app/?embedded=true&date=20230421&time=1745&coord_sys=0&plot_spirals=1&plot_sun_body_line=1&plot_trans=0&plot_nr=0&long_offset=270&reference_long=356&reference_lat=-23&reference_vsw=400&plot_reference=1&bodies=STEREO+A&bodies=Earth&bodies=BepiColombo&bodies=Parker+Solar+Probe&bodies=Solar+Orbiter&speeds=400&speeds=400&speeds=400&speeds=400&speeds=400&;;;;;;;;;;;;;;;;;;;;;;;;;;;;;;;;;;;;;;;;;;;;;;;;-5;346;0.99;WIND-2023042317;2023-04-21;21:15:37;30;;2023-04-22;18:45:37;3.63e-03;30;;2023-04-21;20:37:00;1.17;372;;2023-04-21;<=19:07:00;15;1;2023-04-21;<=22:07:00;3.55e+02;15;6;2023-04-21;18:50:00;1.16;388;Peak followed by continuous rise;2023-04-21;~19:30:00;60;;2023-04-22;07:31:00;1.34e-01;60;;2023-04-21;19:20:00;1.16;386;Onset determined by eye;3.12e+02;3;92;0.72;;;;;;;;4.28e-05;120;A;;;;;No event;;;;;;;;;;;;;;No event;;;;;;;;;;;;;;No event;;-6;335;0.96;STEREO-2023042314;2023-04-21;>=19:45:40;30;;2023-04-22;03:45:40;3.41e-03;30;;2023-04-21;19:08:00;1.17;331;;2023-04-21;18:35:00;10;asun;2023-04-21;21:55:00;6.52e+02;10;asun;2023-04-21;18:18:00;1.16;338;Peak followed by continuous rise;2023-04-21;~21:00:00;120;;2023-04-22;07:00:00;6.05e-02;120;;2023-04-21;20:50:00;1.14;354;Very small event. Onset determined by eye;2.77e+01;6;111;0.38;SHK-2023042208;;;;;;;1.13e-04;120;sun;;;;;No event;;;;;;;;;;;;;;Period of ion contamination;;;;;;;1.49e-01;60;north;;;;;No event;2.55e+05
SEP-C25-0043;3-spacecraft event;2023-05-07;21:40:00;16;138;M1.5;;STEREO-A, Wind;22:57;23:55;16-1.5;;;;;SOLO data unavailable;CME-0043a;https://solar-mach.streamlit.app/?embedded=true&date=20230507&time=2145&coord_sys=0&plot_spirals=1&plot_sun_body_line=1&plot_trans=0&plot_markers=Squares&long_offset=270&reference_long=138&reference_lat=16&reference_vsw=400&plot_reference=1&bodies=STEREO+A&bodies=Earth&bodies=BepiColombo&bodies=Parker+Solar+Probe&bodies=Solar+Orbiter&speeds=400&speeds=400&speeds=400&speeds=400&speeds=400&;-3;164;0.62;;2023-05-08;~01:30:00;60;2;2023-05-08;11:30:00;1.40e-02;60;2;2023-05-08;01:10:00;0.65;;Onset determined by eye;2023-05-08;01:00:00;40;0;;;;;;2023-05-08;00:50:00;0.65;;Peak during potential phase of ion contamination;2023-05-08;~04:30:00;60;0;2023-05-08;13:30:00;1.24e+00;60;2;2023-05-08;04:24:00;0.65;;Very small and gradual event. Onset determined by eye;2.57e+02;-4;132;1;WIND-2023050922,WIND-2023051121,WIND-2023051206;2023-05-08;00:10:36;20;;2023-05-08;10:50:36;9.29e-03;20;;2023-05-07;23:35:00;1.10;515;;2023-05-07;~23:00:00;10;5;2023-05-07;23:55:00;2.51e+03;10;5;2023-05-07;22:43:00;1.12;460;Onset determined by eye. Event on top of another event;2023-05-07;~23:00:00;120;;2023-05-09;05:01:00;1.26e+00;120;;2023-05-07;22:50:00;1.13;438;Very small and gradual event. Onset determined by eye;1.94e+02;4;232;0.76;;;;;;;;5.51e-05;120;A;;;;;No event;;;;;;;;;;;;;;No event;;;;;;;;;;;;;;No event;;-4;123;0.96;;2023-05-07;23:53:09;5;;2023-05-08;06:25:39;2.70e-02;10;;2023-05-07;23:19:00;1.05;515;;2023-05-07;22:35:00;10;asun;2023-05-08;00:15:00;6.44e+03;10;asun;2023-05-07;22:19:00;1.05;526;Event on top of another event;2023-05-07;23:10:00;20;;2023-05-07;23:50:00;8.38e-02;20;;2023-05-07;23:01:00;1.05;527;;4.96e+00;8;288;0.59;;;;;;;;;;;;;;;Data gap;;;;;;;;;;;;;;Data gap;;;;;;;;;;;;;;Data gap;
SEP-C25-0044;3-spacecraft narrow-spread event;2023-05-09;18:20:00;15;138;M4.2;Another M5.0 flare at 21:13 might have contributed to the peak flux;PSP, STEREO-A, Wind, GB;18:47;21:01;20-0.725;18:40;19:01;25-124;No;RSTN. SOLO data unavailable;CME-0044a,CME-0044b;https://solar-mach.streamlit.app/?embedded=true&date=20230509&time=1900&coord_sys=0&plot_spirals=1&plot_sun_body_line=1&plot_trans=0&plot_nr=0&long_offset=270&reference_long=138&reference_lat=15&reference_vsw=400&plot_reference=1&bodies=STEREO+A&bodies=Earth&bodies=BepiColombo&bodies=Parker+Solar+Probe&bodies=Solar+Orbiter&speeds=400&speeds=400&speeds=400&speeds=400&speeds=400&;-3;140;0.61;;2023-05-09;~19:15:00;30;0;2023-05-09;21:45:00;1.73e+00;30;0;2023-05-09;18:55:00;0.64;;Onset determined by eye;2023-05-09;18:55:00;10;0;2023-05-09;<=21:35:00;1.08e+05;10;1;2023-05-09;18:45:00;0.64;;;2023-05-09;18:52:00;5;0;2023-05-09;21:45:00;7.37e+01;10;2;2023-05-09;18:46:00;0.64;;;1.66e+02;-3;107;1;WIND-2023050922,WIND-2023051121,WIND-2023051206;2023-05-09;>=19:30:00;10;;2023-05-10;00:36:21;2.82e-01;10;;2023-05-09;18:52:00;1.16;405;Onset during data gap and decay of previous event. Lower limit provided. Event potentially associated with later flare;2023-05-09;<=19:35:00;50;0;2023-05-09;22:05:00;3.11e+04;50;0;2023-05-09;19:17:00;1.17;383;;2023-05-09;~21:50:00;10;;2023-05-10;00:36:00;4.59e+00;10;;2023-05-09;21:41:00;1.08;582;Onset during data gap. Onset determined by eye to first data after gap. Event potentially associated to later flare;;4;207;0.76;;;;;;;;8.67e-04;100;A;;;;;No event;;;;;;;;;;;;;;No event;;;;;;;;;;;;;;No event;;-4;98;0.96;;2023-05-09;19:58:09;5;;2023-05-10;02:15:39;1.76e-01;10;;2023-05-09;19:25:00;1.03;596;Onset occurs during decay of previous event. Real onset could be earlier;;;;;;;;;;;;;;Period of potential ion contamination;2023-05-09;19:15:00;10;;2023-05-09;22:55:00;1.99e+00;10;;2023-05-09;19:06:00;1.03;596;;1.92e+01;8;265;0.62;;;;;;;;8.14e-05;60;sun;;;;;No event;;;;;;;2.52e+02;30;sun;;;;;No event;;;;;;;4.00e-01;60;north;;;;;No event;6.19e+03
SEP-C25-0045;5-spacecraft event;2023-05-16;17:12:38;17;141;M5.0;Flare is behind the limb as seen from Earth, flare location determined using SOLO/STIX;SOLO, PSP, GB;17:20;22:10;20-0.9;17:31;17:44;25-135;No;RSTN;CME-0045a,CME-0045b;https://solar-mach.streamlit.app/?embedded=true&date=20230516&time=1745&coord_sys=0&plot_spirals=1&plot_sun_body_line=1&plot_trans=0&plot_markers=Squares&long_offset=270&reference_long=141&reference_lat=17&reference_vsw=400&plot_reference=1&bodies=STEREO+A&bodies=Earth&bodies=BepiColombo&bodies=Parker+Solar+Probe&bodies=Solar+Orbiter&bodies=L1&speeds=400&speeds=400&speeds=400&speeds=400&speeds=400&speeds=400&;-3;54;0.58;;2023-05-16;~17:45:00;30;0;2023-05-16;19:15:00;2.58e-02;30;2;2023-05-16;17:26:00;0.61;;Onset determined by eye;2023-05-16;17:27:00;5;0;2023-05-16;17:45:00;1.32e+03;10;1;2023-05-16;17:18:00;0.61;;;2023-05-16;<=17:35:00;10;0;2023-05-16;18:35:00;1.44e+00;10;2;2023-05-16;17:30:00;0.61;;;1.69e+02;-3;15;1;;2023-05-16;18:23:58;5;;2023-05-17;00:06:28;6.16e-03;10;;2023-05-16;17:47:00;1.12;482;;2023-05-16;17:47:00;5;0;2023-05-16;18:05:00;2.51e+02;10;1;2023-05-16;17:30:00;1.14;444;;2023-05-16;17:47:00;10;;2023-05-16;19:37:00;1.17e-01;10;;2023-05-16;17:38:00;1.12;480;;1.24e+02;4;112;0.73;;2023-05-16;17:53:34;2;A;2023-05-16;20:59:34;4.19e+00;10;A;2023-05-16;17:28:00;0.79;398;PSP not in nominal orientation;2023-05-16;17:31:57;1;3 (sun);2023-05-16;21:15:00;6.15e+04;10;7 (asun);2023-05-16;17:20:00;0.79;402;PSP not in nominal orientation;2023-05-16;17:26:30;1;A;2023-05-16;18:45:00;2.53e+02;10;B;2023-05-16;17:20:00;0.79;415;PSP not in nominal orientation;6.04e+01;-3;7;0.96;STEREO-2023051916;2023-05-16;17:40:39;40;;2023-05-17;04:20:39;3.75e-03;40;;2023-05-16;17:05:00;1.09;417;;2023-05-16;17:43:00;5;sun;2023-05-16;17:55:00;1.10e+02;10;sun;2023-05-16;17:27:00;1.09;417;Peak followed by further long-lasting gradual increase;2023-05-16;<=18:45:00;50;;2023-05-17;01:25:00;6.36e-02;50;;2023-05-16;18:36:00;1.10;415;;3.15e+01;7;177;0.69;;2023-05-16;18:30:05;20;sun;2023-05-16;20:10:05;9.06e-03;20;south;2023-05-16;18:06:00;0.75;;;2023-05-16;18:05:00;10;sun;2023-05-16;18:55:10;9.10e+02;10;asun;2023-05-16;17:54:00;0.75;;;2023-05-16;17:55:00;10;sun;2023-05-16;19:55:00;1.12e+00;10;north;2023-05-16;17:48:00;0.75;;;2.77e+02
